UNHAPPY,AGE,HEALTH,RINCOM91,EDUC,SEX,BLACK,OTHER_RACE,TRAUMA1,WIDOWED,DIVORCED,SEPARATED,NEVER_MARRIED
0,89,0,0,12,1,0,0,0,0,0,0,0
1,89,2,0,7,0,0,0,0,1,0,0,0
0,89,1,0,14,0,1,0,0,1,0,0,0
0,89,0,0,8,0,0,0,0,1,0,0,0
0,89,1,0,19,1,0,0,1,1,0,0,0
0,89,0,0,9,0,0,0,1,1,0,0,0
0,89,0,0,16,0,0,0,0,1,0,0,0
0,88,1,0,8,0,0,0,0,1,0,0,0
0,88,3,0,12,1,0,0,0,1,0,0,0
0,88,2,0,7,0,0,0,1,1,0,0,0
0,87,3,0,12,1,0,0,0,0,0,0,0
0,87,2,0,13,1,0,0,0,0,0,0,0
0,87,4,0,12,0,0,0,0,1,0,0,0
0,87,1,0,11,1,0,0,0,1,0,0,0
0,87,3,0,13,1,0,0,0,1,0,0,0
0,87,0,0,10,1,0,0,1,1,0,0,0
0,86,2,0,11,0,0,0,0,0,0,0,0
0,86,0,0,12,1,0,0,1,0,0,0,0
0,86,4,0,8,0,0,0,0,1,0,0,0
0,86,1,0,8,1,0,0,0,1,0,0,0
0,86,0,0,12,0,0,0,1,1,0,0,0
0,85,3,0,2,1,0,0,1,0,0,0,0
1,85,1,0,5,0,1,0,0,1,0,0,0
1,85,1,0,9,0,0,0,1,1,0,0,0
0,85,3,0,11,0,0,0,1,1,0,0,0
0,84,0,0,10,0,0,0,0,1,0,0,0
0,84,0,0,16,0,0,0,0,1,0,0,0
1,84,3,0,16,0,0,0,0,1,0,0,0
0,84,2,0,13,0,0,0,1,1,0,0,0
0,83,2,0,11,1,0,0,1,0,0,0,0
0,83,2,0,7,1,0,0,1,1,0,0,0
0,83,2,12.33,12,0,0,0,1,1,0,0,0
0,82,4,21,16,1,0,0,0,0,0,0,0
0,82,0,0,6,1,0,0,0,0,0,0,0
0,82,3,0,8,0,0,0,0,0,0,0,0
0,82,3,0,12,1,0,0,0,0,0,0,0
0,82,0,0,14,1,0,0,0,0,0,0,0
0,82,0,9,19,1,0,0,0,0,0,0,0
0,82,3,0,10,0,1,0,0,1,0,0,0
0,82,1,0,16,0,0,0,0,1,0,0,0
0,82,0,0,12,0,0,0,1,1,0,0,0
1,82,1,0,12,1,0,0,1,1,0,0,0
0,82,4,0,15,0,0,0,1,1,0,0,0
0,82,1,0,0,1,1,0,1,0,0,0,1
0,81,4,0,4,1,0,0,0,0,0,0,0
0,81,2,0,4,1,1,0,0,0,0,0,0
0,81,3,0,13,0,0,0,0,1,0,0,0
0,81,3,12.33,13,0,0,0,0,1,0,0,0
1,81,0,0,4,0,0,1,0,1,0,0,0
0,81,0,0,12,0,0,0,0,1,0,0,0
0,81,2,0,6,0,0,0,1,1,0,0,0
0,81,0,0,8,1,1,0,1,1,0,0,0
0,81,2,0,10,0,0,0,1,1,0,0,0
0,80,4,0,10,0,0,0,0,0,0,0,0
1,80,2,0,12,0,0,0,0,1,0,0,0
0,80,3,0,13,1,0,0,0,1,0,0,0
0,80,0,0,15,0,0,0,0,1,0,0,0
1,80,0,0,18,1,0,0,0,1,0,0,0
0,80,0,0,8,1,0,0,0,0,0,0,1
0,79,3,0,12,0,0,0,0,0,0,0,0
0,79,0,12.33,12,0,0,0,0,0,0,0,0
0,79,2,0,7,0,0,0,0,1,0,0,0
1,79,3,0,16,1,0,0,0,1,0,0,0
1,79,2,0,8,0,0,0,1,1,0,0,0
1,79,0,1,12,0,0,0,1,1,0,0,0
0,79,3,0,12,0,0,0,0,0,1,0,0
0,78,4,0,15,1,0,0,0,0,0,0,0
1,78,2,0,8,1,0,0,0,0,0,0,0
0,78,3,6,9,1,0,0,0,0,0,0,0
0,78,0,0,11,1,0,0,1,0,0,0,0
0,78,0,0,12,0,0,0,1,0,0,0,0
0,78,4,0,7,0,0,0,0,1,0,0,0
0,78,3,0,12,0,0,0,0,1,0,0,0
0,78,3,0,14,0,0,0,0,1,0,0,0
0,78,1,0,10,0,0,0,0,1,0,0,0
0,78,3,0,11,0,0,0,0,1,0,0,0
0,78,0,0,12,0,0,0,0,1,0,0,0
0,78,0,16,18,0,0,0,1,1,0,0,0
0,78,3,0,12,0,1,0,1,0,1,0,0
0,77,3,0,12,0,0,0,0,0,0,0,0
0,77,2,0,15,0,0,0,0,0,0,0,0
0,77,2,0,16,1,0,0,0,0,0,0,0
0,77,0,0,8,0,0,0,1,0,0,0,0
0,77,4,13,11,1,0,0,0,1,0,0,0
1,77,3,0,13,0,0,0,0,1,0,0,0
0,77,3,0,16,0,0,0,0,1,0,0,0
0,77,1,0,10,0,0,1,0,1,0,0,0
0,77,4,18,12,0,0,0,1,1,0,0,0
0,77,0,0,13,0,0,0,1,1,0,0,0
0,77,4,0,15,0,0,0,1,1,0,0,0
0,77,0,0,16,0,0,0,1,1,0,0,0
0,77,0,12,12,0,0,0,1,1,0,0,0
0,77,0,12.33,14,0,0,0,1,0,1,0,0
0,77,0,0,12,0,0,0,0,0,1,0,0
0,76,4,0,10,0,0,0,0,0,0,0,0
0,76,3,0,12,1,0,0,0,0,0,0,0
0,76,0,0,7,1,0,0,0,0,0,0,0
0,76,2,12.33,7,1,0,0,0,0,0,0,0
0,76,0,0,8,1,0,0,0,0,0,0,0
0,76,2,0,8,0,0,0,0,1,0,0,0
1,76,1,0,8,0,0,0,0,1,0,0,0
0,76,3,0,12,0,0,0,0,1,0,0,0
1,76,3,0,12,1,0,0,0,1,0,0,0
0,76,3,12.33,14,0,0,0,0,1,0,0,0
0,76,0,0,12,0,0,0,0,1,0,0,0
0,76,2,0,13,0,0,0,0,1,0,0,0
0,76,0,0,7,0,0,0,0,1,0,0,0
0,76,3,0,12,0,0,0,0,0,0,0,1
0,75,2,8,12,0,0,0,0,0,0,0,0
1,75,4,10,12,0,1,0,0,0,0,0,0
0,75,2,0,12,1,0,0,0,0,0,0,0
0,75,4,9,12,1,0,0,0,0,0,0,0
0,75,2,0,16,1,0,0,0,0,0,0,0
0,75,1,0,0,0,0,1,0,1,0,0,0
1,75,4,0,5,0,0,0,0,1,0,0,0
1,75,1,0,12,0,0,0,0,1,0,0,0
0,75,3,0,16,1,0,0,0,1,0,0,0
0,75,3,0,5,0,1,0,0,1,0,0,0
0,75,0,0,6,1,0,0,1,1,0,0,0
0,75,2,0,12,0,0,0,1,1,0,0,0
0,75,4,0,16,0,0,0,1,1,0,0,0
0,75,0,0,11,0,0,0,0,1,0,0,0
1,75,2,0,13,0,0,0,0,0,1,0,0
0,75,0,0,12,1,0,0,0,0,1,0,0
0,75,2,0,14,0,1,0,0,0,0,1,0
0,75,2,5,8,1,0,0,0,0,0,0,1
0,74,1,4,7,1,0,0,0,0,0,0,0
0,74,4,0,10,1,0,0,0,0,0,0,0
0,74,4,21,12,1,0,0,0,0,0,0,0
0,74,3,0,8,1,0,0,0,0,0,0,0
0,74,0,0,10,1,1,0,0,0,0,0,0
0,74,2,0,12,1,0,0,0,0,0,0,0
0,74,4,0,14,1,0,0,0,0,0,0,0
1,74,1,0,12,0,0,0,1,0,0,0,0
0,74,0,0,13,0,0,0,1,0,0,0,0
0,74,2,0,2,1,0,0,0,1,0,0,0
0,74,0,0,12,0,0,0,0,1,0,0,0
0,74,0,0,14,0,0,0,0,1,0,0,0
0,74,3,0,16,0,0,0,0,1,0,0,0
1,74,0,0,12,0,0,0,1,1,0,0,0
0,74,0,0,11,0,0,0,1,1,0,0,0
0,74,3,0,16,1,0,0,0,0,1,0,0
0,74,0,0,5,1,1,0,0,0,1,0,0
0,74,3,0,11,0,0,0,1,0,1,0,0
0,74,0,0,14,0,0,0,0,0,1,0,0
0,73,3,0,8,1,0,0,0,0,0,0,0
1,73,2,0,12,1,0,0,0,0,0,0,0
0,73,4,0,19,0,0,0,0,0,0,0,0
0,73,0,0,6,1,0,0,0,0,0,0,0
1,73,2,0,10,1,0,0,1,0,0,0,0
0,73,3,0,12,0,0,0,1,0,0,0,0
0,73,0,0,16,1,0,0,1,0,0,0,0
0,73,0,0,8,0,0,0,0,0,0,0,0
0,73,3,0,7,0,0,0,0,1,0,0,0
0,73,2,0,10,0,0,0,0,1,0,0,0
0,73,2,3,12,1,0,0,0,1,0,0,0
0,73,0,0,8,0,0,0,0,1,0,0,0
0,73,4,0,12,0,0,0,0,1,0,0,0
0,73,0,0,8,0,0,0,1,1,0,0,0
0,73,3,0,8,0,0,0,1,1,0,0,0
0,73,2,0,8,0,0,0,1,1,0,0,0
1,73,0,0,14,1,0,0,1,1,0,0,0
0,73,0,0,10,0,0,0,1,1,0,0,0
0,73,4,0,12,0,0,0,0,0,1,0,0
1,73,1,0,12,1,0,0,0,0,1,0,0
1,72,1,0,2,1,0,0,0,0,0,0,0
0,72,2,0,7,1,0,0,0,0,0,0,0
1,72,2,0,8,0,0,0,0,0,0,0,0
0,72,3,0,12,1,0,0,0,0,0,0,0
0,72,2,0,12,0,0,0,0,0,0,0,0
0,72,3,9,12,0,0,0,0,0,0,0,0
0,72,0,0,8,1,0,0,0,0,0,0,0
0,72,4,17,12,1,0,0,0,0,0,0,0
0,72,0,0,14,1,0,0,0,0,0,0,0
0,72,0,21,16,1,0,0,0,0,0,0,0
0,72,0,0,8,1,0,0,1,0,0,0,0
0,72,4,0,8,1,0,0,1,0,0,0,0
0,72,0,0,13,1,0,0,1,0,0,0,0
1,72,1,8,8,0,0,0,0,1,0,0,0
0,72,3,12.33,9,0,1,0,0,1,0,0,0
0,72,3,0,12,0,0,0,0,1,0,0,0
0,72,0,12.33,8,0,0,0,1,1,0,0,0
1,72,3,0,11,0,0,0,1,1,0,0,0
0,72,1,0,10,0,0,0,1,0,1,0,0
0,72,2,0,9,0,0,0,0,0,0,0,1
0,71,2,0,8,1,0,0,0,0,0,0,0
0,71,3,0,14,0,0,0,0,0,0,0,0
0,71,4,0,20,1,0,0,0,0,0,0,0
0,71,4,10,8,1,0,0,0,0,0,0,0
0,71,2,0,9,0,0,0,0,0,0,0,0
0,71,0,0,12,1,0,0,0,0,0,0,0
0,71,3,0,14,0,0,0,0,0,0,0,0
0,71,3,0,16,0,0,0,0,0,0,0,0
0,71,4,5,6,0,1,0,0,1,0,0,0
0,71,1,0,7,0,1,0,0,1,0,0,0
0,71,2,0,10,0,0,0,0,1,0,0,0
0,71,3,0,16,0,0,0,0,1,0,0,0
0,71,4,2,6,0,1,0,0,1,0,0,0
0,71,0,0,10,0,0,0,0,1,0,0,0
0,71,2,0,14,0,0,0,0,1,0,0,0
0,71,4,0,17,0,0,0,0,1,0,0,0
1,71,0,0,16,1,0,0,0,0,0,0,1
0,70,3,0,13,1,0,0,0,0,0,0,0
0,70,3,0,15,1,0,0,0,0,0,0,0
0,70,3,0,18,1,0,0,0,0,0,0,0
0,70,0,3,8,1,0,0,0,0,0,0,0
0,70,0,0,12,1,0,0,0,0,0,0,0
1,70,0,13,12,0,0,0,1,0,0,0,0
0,70,0,0,13,0,0,0,1,0,0,0,0
0,70,0,0,20,1,0,0,0,0,0,0,0
0,70,4,9,12,0,1,0,0,1,0,0,0
0,70,0,0,6,0,0,0,1,1,0,0,0
0,70,3,0,12,0,0,0,0,0,1,0,0
0,70,3,0,13,0,0,0,0,0,1,0,0
0,69,4,0,8,1,0,0,0,0,0,0,0
0,69,3,0,12,0,0,0,0,0,0,0,0
0,69,2,0,12,0,0,0,0,0,0,0,0
0,69,4,0,17,0,0,0,0,0,0,0,0
0,69,4,0,18,1,0,0,0,0,0,0,0
0,69,0,9,7,1,0,0,0,0,0,0,0
0,69,0,0,12,0,0,0,0,0,0,0,0
0,69,2,0,12,0,0,0,0,0,0,0,0
0,69,0,0,16,1,0,0,1,0,0,0,0
0,69,0,12.33,16,1,0,0,1,0,0,0,0
0,69,2,0,9,1,0,0,1,0,0,0,0
0,69,2,0,12,1,0,0,0,1,0,0,0
1,69,1,0,12,0,1,0,0,1,0,0,0
0,69,0,0,11,0,0,0,1,1,0,0,0
1,69,0,0,12,0,1,0,1,1,0,0,0
1,69,0,0,12,0,0,0,1,1,0,0,0
0,69,0,0,13,1,0,1,1,1,0,0,0
0,69,3,0,13,0,0,0,1,1,0,0,0
0,69,0,17,13,0,0,0,0,1,0,0,0
0,69,0,0,12,0,0,0,0,0,1,0,0
0,68,3,0,10,0,0,0,0,0,0,0,0
0,68,0,0,8,1,0,0,0,0,0,0,0
0,68,3,0,12,0,0,0,0,0,0,0,0
0,68,0,9,12,0,0,0,0,0,0,0,0
0,68,0,0,13,0,0,0,0,0,0,0,0
0,68,1,0,9,0,0,0,1,0,0,0,0
0,68,4,18,12,1,0,0,1,0,0,0,0
0,68,0,0,12,0,0,0,1,0,0,0,0
0,68,0,0,12,1,0,0,1,0,0,0,0
0,68,3,0,12,0,0,0,0,0,0,0,0
0,68,2,0,9,0,0,0,0,1,0,0,0
0,68,2,0,9,0,1,0,0,1,0,0,0
0,68,2,0,12,0,0,0,0,1,0,0,0
0,68,0,0,6,0,1,0,1,1,0,0,0
1,68,4,0,12,0,0,0,1,1,0,0,0
1,68,2,0,13,0,0,0,1,1,0,0,0
0,68,3,0,13,1,0,0,1,0,1,0,0
0,68,4,0,13,0,0,0,0,0,0,0,1
0,67,3,0,7,0,0,0,0,0,0,0,0
0,67,0,0,7,0,0,0,0,0,0,0,0
0,67,0,0,16,0,0,0,0,0,0,0,0
0,67,0,0,16,0,0,0,0,0,0,0,0
0,67,3,14,16,0,0,0,0,0,0,0,0
0,67,0,0,12,0,0,0,1,0,0,0,0
0,67,0,0,14,1,0,0,1,0,0,0,0
0,67,3,2,6,1,1,0,0,1,0,0,0
0,67,2,0,11,0,0,0,0,1,0,0,0
1,67,3,0,8,1,0,0,0,0,1,0,0
0,67,0,0,4,0,0,0,1,0,1,0,0
0,66,4,1,10,1,0,0,0,0,0,0,0
0,66,3,0,12,1,0,0,0,0,0,0,0
0,66,3,0,5,1,1,0,0,0,0,0,0
0,66,0,3,13,1,0,0,0,0,0,0,0
0,66,3,0,14,0,0,0,0,0,0,0,0
0,66,3,0,15,0,0,0,0,0,0,0,0
0,66,0,0,16,1,0,0,0,0,0,0,0
0,66,3,0,16,0,0,0,0,0,0,0,0
0,66,0,0,18,1,0,0,0,0,0,0,0
0,66,0,0,12,1,0,0,1,0,0,0,0
1,66,0,9,12,0,0,0,1,0,0,0,0
0,66,0,6,7,0,0,0,1,0,0,0,0
0,66,3,0,12,1,0,0,0,0,0,0,0
0,66,2,0,12,0,0,0,0,1,0,0,0
0,66,4,12,12,0,0,0,0,1,0,0,0
0,66,0,20,20,1,1,0,1,1,0,0,0
0,66,4,0,8,1,0,0,0,0,1,0,0
0,66,2,0,12,0,1,0,0,0,1,0,0
0,66,2,0,12,0,0,0,0,0,0,0,1
0,66,3,15,16,0,0,0,0,0,0,0,1
0,65,1,0,10,0,0,0,0,0,0,0,0
0,65,3,3,13,1,0,0,0,0,0,0,0
0,65,3,0,14,1,0,0,0,0,0,0,0
0,65,0,0,12,0,0,0,0,0,0,0,0
0,65,0,0,12,0,0,0,0,0,0,0,0
0,65,3,16,12,1,0,0,0,0,0,0,0
0,65,4,0,13,0,0,0,0,0,0,0,0
0,65,4,18,14,1,0,0,0,0,0,0,0
0,65,4,0,15,1,0,0,0,0,0,0,0
0,65,0,21,16,1,0,0,0,0,0,0,0
0,65,0,0,12,1,0,0,1,0,0,0,0
1,65,3,0,13,0,0,0,0,1,0,0,0
0,65,2,7,9,0,1,0,0,1,0,0,0
1,65,0,2,8,0,0,0,1,1,0,0,0
0,65,0,0,12,0,0,0,1,1,0,0,0
1,65,1,0,12,0,0,0,1,1,0,0,0
0,65,3,4,14,1,0,0,0,0,0,0,1
0,65,2,0,11,1,1,0,1,0,0,0,1
0,64,2,0,7,1,0,0,0,0,0,0,0
0,64,2,2,8,1,0,0,0,0,0,0,0
0,64,3,0,10,1,0,0,0,0,0,0,0
0,64,3,0,12,0,0,0,0,0,0,0,0
0,64,0,0,11,1,0,0,0,0,0,0,0
0,64,0,0,12,0,0,0,0,0,0,0,0
0,64,0,13,13,0,0,0,0,0,0,0,0
0,64,4,0,16,0,0,0,0,0,0,0,0
0,64,0,15,15,0,0,0,1,0,0,0,0
0,64,0,2,12,0,0,0,0,0,0,0,0
0,64,4,15,12,1,0,0,0,0,0,0,0
0,64,3,0,15,0,0,0,0,0,1,0,0
0,64,2,0,12,0,1,0,1,0,1,0,0
0,64,3,0,8,1,0,0,0,0,0,0,1
0,63,3,0,9,0,0,0,0,0,0,0,0
0,63,3,14,12,0,1,0,0,0,0,0,0
0,63,4,21,17,1,0,0,0,0,0,0,0
0,63,0,20,2,1,0,1,0,0,0,0,0
0,63,4,0,12,1,0,0,0,0,0,0,0
0,63,0,0,16,0,0,0,0,0,0,0,0
1,63,0,16,16,0,0,0,0,0,0,0,0
0,63,0,0,19,1,0,0,0,0,0,0,0
0,63,0,0,14,0,0,0,1,0,0,0,0
0,63,0,1,14,0,0,0,1,0,0,0,0
0,63,0,16,14,0,0,0,1,0,0,0,0
0,63,1,18,9,1,0,0,0,0,0,0,0
0,63,1,0,9,0,1,0,0,1,0,0,0
0,63,0,0,12,1,0,0,1,1,0,0,0
1,63,1,0,12,0,0,0,0,0,1,0,0
0,63,4,9,13,0,0,0,0,0,1,0,0
1,63,2,9,12,0,0,0,0,0,1,0,0
1,63,2,0,4,0,0,1,0,0,0,1,0
0,63,0,0,12,1,0,0,1,0,0,0,1
0,62,2,0,6,0,1,0,0,0,0,0,0
0,62,3,10,8,1,0,0,0,0,0,0,0
0,62,2,0,9,0,0,0,0,0,0,0,0
0,62,3,0,14,1,0,0,0,0,0,0,0
0,62,3,12,7,1,0,0,0,0,0,0,0
0,62,0,0,12,0,1,0,0,0,0,0,0
0,62,2,12.33,12,0,0,0,0,0,0,0,0
0,62,0,10,18,0,0,0,0,0,0,0,0
0,62,3,0,11,0,0,0,0,1,0,0,0
0,62,4,0,9,0,1,0,0,1,0,0,0
0,62,4,0,14,0,0,0,0,1,0,0,0
0,62,3,0,14,0,0,0,1,1,0,0,0
0,62,4,18,18,0,0,0,1,1,0,0,0
0,62,0,0,12,1,0,0,0,0,1,0,0
0,62,2,14,16,0,0,0,0,0,1,0,0
0,62,3,9,12,1,0,0,0,0,0,0,1
0,62,3,15,12,0,0,0,0,0,0,0,1
0,62,2,12,18,0,0,0,1,0,0,0,1
0,61,3,3,8,0,0,0,0,0,0,0,0
0,61,1,0,12,1,1,0,0,0,0,0,0
0,61,4,19,12,1,0,0,0,0,0,0,0
0,61,4,13,16,0,0,1,0,0,0,0,0
0,61,3,0,11,0,0,0,0,0,0,0,0
0,61,3,0,12,0,0,0,0,0,0,0,0
0,61,0,8,12,0,0,0,0,0,0,0,0
0,61,0,18,20,0,0,0,0,0,0,0,0
0,61,2,8,12,0,1,0,1,0,0,0,0
0,61,3,0,16,0,0,0,1,0,0,0,0
1,61,1,0,5,0,0,0,1,0,0,1,0
1,61,0,0,4,1,0,0,1,0,0,0,1
0,60,2,11,12,1,0,0,0,0,0,0,0
0,60,4,15,12,0,0,0,0,0,0,0,0
0,60,4,18,13,1,0,0,0,0,0,0,0
0,60,4,17,14,0,1,0,0,0,0,0,0
0,60,3,21,16,0,0,0,0,0,0,0,0
0,60,4,15,13,1,0,0,0,0,0,0,0
0,60,3,21,13,1,1,0,0,0,0,0,0
0,60,0,0,11,0,0,0,1,0,0,0,0
0,60,1,0,10,0,1,0,0,1,0,0,0
0,60,4,4,12,1,0,0,0,1,0,0,0
0,60,1,0,7,0,0,0,0,1,0,0,0
1,60,0,0,12,0,0,1,1,1,0,0,0
1,60,1,0,10,1,0,0,0,0,1,0,0
0,60,0,15,12,1,0,0,0,0,1,0,0
1,60,2,9,14,1,1,0,0,0,1,0,0
0,60,4,0,11,1,0,0,0,0,0,1,0
1,59,3,13,12,1,0,0,0,0,0,0,0
0,59,3,15,13,0,0,0,0,0,0,0,0
0,59,4,0,16,0,0,0,0,0,0,0,0
0,59,3,21,20,1,0,0,0,0,0,0,0
0,59,0,4,8,0,0,0,0,0,0,0,0
0,59,3,0,9,0,0,0,0,0,0,0,0
0,59,4,0,12,0,0,0,0,0,0,0,0
0,59,0,8,12,0,1,0,0,0,0,0,0
0,59,3,12,12,0,0,0,0,0,0,0,0
0,59,0,16,16,0,0,0,0,0,0,0,0
0,59,0,12,16,1,0,0,1,0,0,0,0
0,59,4,8,12,0,0,0,0,1,0,0,0
0,59,2,0,12,0,0,0,1,1,0,0,0
0,59,0,16,12,0,0,0,1,1,0,0,0
0,59,0,9,16,1,0,1,1,1,0,0,0
0,59,4,13,12,1,0,0,0,0,1,0,0
0,58,4,0,14,0,0,0,0,0,0,0,0
0,58,3,21,14,1,0,0,0,0,0,0,0
0,58,3,21,16,1,0,0,0,0,0,0,0
0,58,3,18,18,1,0,0,0,0,0,0,0
0,58,0,11,12,1,0,0,0,0,0,0,0
0,58,2,16,12,1,0,0,0,0,0,0,0
0,58,0,17,12,1,0,0,0,0,0,0,0
0,58,2,2,13,0,0,0,0,0,0,0,0
0,58,4,11,14,1,0,0,0,0,0,0,0
0,58,0,19,16,1,0,0,0,0,0,0,0
0,58,0,0,12,0,0,0,1,0,0,0,0
0,58,3,0,13,0,0,0,1,0,0,0,0
0,58,0,18,17,1,0,0,1,0,0,0,0
0,58,2,7,13,0,0,0,0,1,0,0,0
0,58,2,9,14,1,0,0,0,1,0,0,0
1,58,3,10,18,1,0,0,0,1,0,0,0
0,58,2,3,12,0,0,0,0,0,1,0,0
0,58,3,1,16,1,0,0,0,0,1,0,0
0,58,0,0,7,0,0,0,0,0,1,0,0
0,58,0,11,13,1,0,0,0,0,1,0,0
0,58,3,21,16,1,0,0,0,0,1,0,0
1,58,0,9,12,0,0,0,1,0,1,0,0
0,58,1,0,7,1,1,0,1,0,1,0,0
0,58,0,1,8,1,0,0,1,0,1,0,0
0,58,2,0,12,0,1,0,0,0,0,1,0
0,57,3,4,10,1,0,0,0,0,0,0,0
0,57,4,11,12,0,0,0,0,0,0,0,0
0,57,4,13,12,0,0,0,0,0,0,0,0
0,57,3,20,17,1,0,0,0,0,0,0,0
0,57,4,21,17,1,0,0,0,0,0,0,0
0,57,4,10,18,0,0,0,0,0,0,0,0
0,57,4,2,8,1,1,0,1,0,0,0,0
0,57,2,9,11,0,0,0,1,0,0,0,0
0,57,0,21,20,1,0,0,1,0,0,0,0
1,57,0,0,10,1,0,0,1,0,0,0,0
0,57,3,10,8,0,0,0,0,1,0,0,0
1,57,1,0,10,0,1,0,0,1,0,0,0
0,57,1,0,14,0,0,0,1,1,0,0,0
0,57,4,18,14,0,1,0,0,0,1,0,0
0,57,4,15,14,0,0,0,0,0,1,0,0
0,57,4,18,14,0,0,0,1,0,1,0,0
0,57,3,19,16,0,0,0,1,0,1,0,0
1,57,0,0,6,0,0,0,0,0,1,0,0
0,57,3,15,12,1,0,0,0,0,0,0,1
0,56,4,15,10,0,1,0,0,0,0,0,0
0,56,3,15,10,1,0,0,0,0,0,0,0
0,56,4,0,12,0,0,1,0,0,0,0,0
0,56,2,0,12,0,0,0,0,0,0,0,0
0,56,3,19,12,1,0,0,0,0,0,0,0
0,56,2,0,12,1,1,0,0,0,0,0,0
0,56,3,21,19,1,0,0,0,0,0,0,0
0,56,0,0,10,0,0,0,1,0,0,0,0
0,56,0,0,10,0,0,0,1,0,0,0,0
0,56,3,2,18,1,0,0,0,0,1,0,0
0,56,4,19,18,0,0,1,0,0,1,0,0
0,56,3,11,11,0,0,0,0,0,1,0,0
0,56,4,19,18,1,0,0,0,0,0,0,1
0,55,3,14,16,0,0,0,0,0,0,0,0
0,55,3,18,16,1,0,0,0,0,0,0,0
0,55,3,15,12,0,0,0,0,0,0,0,0
0,55,0,9,13,0,1,0,0,0,0,0,0
0,55,3,10,13,0,0,0,0,0,0,0,0
0,55,0,14,13,0,0,0,0,0,0,0,0
0,55,0,12.33,15,1,0,1,0,0,0,0,0
0,55,4,10,16,0,0,0,0,0,0,0,0
0,55,0,18,17,1,0,0,0,0,0,0,0
0,55,0,0,12,0,0,0,1,0,0,0,0
0,55,0,16,12,0,0,0,1,0,0,0,0
0,55,4,0,13,0,0,0,1,0,0,0,0
0,55,4,16,13,1,0,0,1,0,0,0,0
0,55,3,13,16,0,0,0,1,0,0,0,0
0,55,3,21,20,1,0,0,1,0,0,0,0
0,55,4,12,12,0,0,0,0,1,0,0,0
1,55,0,3,6,0,0,0,1,1,0,0,0
0,55,0,0,16,0,0,0,1,1,0,0,0
0,55,2,0,11,1,0,0,0,0,1,0,0
1,55,1,0,12,0,0,0,0,0,1,0,0
0,55,0,10,12,1,0,0,1,0,1,0,0
0,55,2,16,14,1,0,0,1,0,1,0,0
0,55,2,18,12,0,0,0,0,0,0,0,1
1,54,3,1,8,0,0,0,0,0,0,0,0
0,54,4,0,15,0,0,0,0,0,0,0,0
0,54,2,16,11,1,0,0,0,0,0,0,0
0,54,3,0,12,0,0,0,0,0,0,0,0
0,54,4,10,16,0,0,0,0,0,0,0,0
0,54,3,17,16,0,0,0,0,0,0,0,0
0,54,4,18,16,0,0,0,0,0,0,0,0
0,54,4,0,12,0,0,0,1,0,0,0,0
0,54,0,0,16,1,0,0,1,0,0,0,0
0,54,1,0,9,0,0,0,0,0,0,0,0
0,54,3,8,12,0,0,0,0,1,0,0,0
0,54,1,0,9,0,0,0,0,0,1,0,0
0,54,1,0,12,0,0,0,0,0,1,0,0
0,54,3,13,12,0,0,0,0,0,1,0,0
0,54,4,16,12,0,0,0,0,0,1,0,0
0,54,0,0,16,0,0,0,0,0,1,0,0
0,54,0,0,14,0,0,0,1,0,1,0,0
0,54,3,2,18,0,0,0,0,0,0,0,1
1,54,1,0,7,0,0,1,0,0,0,0,1
1,53,1,17,14,0,0,0,0,0,0,0,0
1,53,4,15,18,1,0,0,0,0,0,0,0
0,53,4,18,18,0,0,0,0,0,0,0,0
0,53,0,0,12,0,0,0,0,0,0,0,0
0,53,0,0,12,0,0,0,0,0,0,0,0
0,53,4,9,13,0,0,0,0,0,0,0,0
0,53,0,12.33,13,0,0,0,0,0,0,0,0
1,53,3,20,14,1,0,0,0,0,0,0,0
0,53,4,9,16,0,0,0,0,0,0,0,0
0,53,3,16,15,0,0,0,1,0,0,0,0
0,53,3,17,18,1,0,0,1,0,0,0,0
0,53,0,10,14,0,0,1,1,0,0,0,0
0,53,1,12.33,13.05,0,0,0,0,0,0,0,0
0,53,2,0,12,0,0,0,1,0,1,0,0
1,53,3,0,17,0,0,0,1,0,1,0,0
1,53,1,0,7,1,0,0,0,0,0,0,1
0,53,4,18,20,1,0,0,0,0,0,0,1
0,53,0,0,12,1,0,0,1,0,0,0,1
0,52,3,10,12,0,0,0,0,0,0,0,0
0,52,4,14,12,1,0,0,0,0,0,0,0
0,52,3,15,12,1,0,0,0,0,0,0,0
0,52,4,12.33,12,1,1,0,0,0,0,0,0
0,52,1,1,14,0,0,0,0,0,0,0,0
0,52,0,16,6,1,0,0,0,0,0,0,0
0,52,3,4,8,1,1,0,0,0,0,0,0
0,52,3,11,10,1,0,0,0,0,0,0,0
0,52,4,1,13,0,0,0,0,0,0,0,0
0,52,3,12,14,0,0,0,0,0,0,0,0
0,52,0,19,14,1,0,0,0,0,0,0,0
1,52,4,0,16,0,0,0,0,0,0,0,0
0,52,0,0,17,1,0,0,0,0,0,0,0
0,52,0,11,18,0,0,0,0,0,0,0,0
0,52,2,0,12,0,0,0,1,0,0,0,0
0,52,0,18,13,1,0,0,1,0,0,0,0
0,52,0,18,14,1,0,0,1,0,0,0,0
0,52,1,0,14,1,0,0,1,1,0,0,0
0,52,4,15,16,1,0,0,0,0,1,0,0
0,52,0,13,9,0,0,0,0,0,0,1,0
1,52,0,7,6,0,1,0,1,0,0,1,0
1,51,1,0,9,1,0,0,0,0,0,0,0
0,51,3,15,10,1,0,0,0,0,0,0,0
0,51,4,11,12,1,0,0,0,0,0,0,0
0,51,4,16,12,1,0,0,0,0,0,0,0
0,51,3,20,16,1,0,0,0,0,0,0,0
0,51,2,3,0,0,0,1,0,0,0,0,0
0,51,0,17,12,1,0,0,0,0,0,0,0
0,51,0,19,12,1,0,0,0,0,0,0,0
0,51,0,12.33,12,0,0,0,0,0,0,0,0
0,51,0,1,14,0,0,0,0,0,0,0,0
0,51,3,18,14,0,0,0,0,0,0,0,0
0,51,3,13,15,0,0,0,0,0,0,0,0
0,51,0,8,16,0,0,0,0,0,0,0,0
0,51,0,21,16,1,0,0,0,0,0,0,0
0,51,0,12.33,16,0,0,1,0,0,0,0,0
0,51,4,21,19,1,0,0,0,0,0,0,0
0,51,0,0,8,0,0,0,1,0,0,0,0
0,51,4,12.33,13,1,0,0,1,0,0,0,0
0,51,3,0,12,1,0,0,1,0,0,0,0
1,51,3,7,12,0,1,0,1,1,0,0,0
0,51,4,15,14,0,1,0,0,0,1,0,0
0,51,4,9,12,0,0,0,0,0,1,0,0
0,51,0,11,13,0,0,0,0,0,1,0,0
0,51,0,17,13,0,0,0,1,0,1,0,0
0,51,0,9,6,1,1,0,0,0,1,0,0
1,51,3,12,13,0,1,0,0,0,0,0,1
1,51,3,15,12,1,0,0,1,0,0,0,1
0,50,3,16,12,1,0,0,0,0,0,0,0
0,50,1,19,12,1,0,0,0,0,0,0,0
0,50,3,5,14,0,0,0,0,0,0,0,0
0,50,3,8,16,0,0,0,0,0,0,0,0
0,50,4,14,18,0,0,1,0,0,0,0,0
0,50,3,8,12,0,0,0,0,0,0,0,0
0,50,0,12.33,12,0,0,0,0,0,0,0,0
0,50,0,15,13,0,0,0,0,0,0,0,0
0,50,2,19,13,1,0,0,0,0,0,0,0
1,50,0,18,16,0,0,0,0,0,0,0,0
0,50,4,12.33,17,0,0,0,0,0,0,0,0
0,50,0,12.33,9,0,0,0,1,0,0,0,0
0,50,0,19,14,1,0,0,1,0,0,0,0
0,50,0,9,12,0,0,0,1,0,0,0,0
0,50,3,17,11,1,0,0,0,1,0,0,0
0,50,0,12.33,16,0,0,0,1,1,0,0,0
0,50,4,16,12,0,0,0,0,0,1,0,0
0,50,3,3,12,0,0,0,0,0,1,0,0
1,50,0,5,10,0,0,0,1,0,1,0,0
0,50,2,13,16,0,0,0,0,0,1,0,0
1,50,2,8,13,0,0,0,0,0,0,1,0
1,50,3,21,14,1,0,0,0,0,0,1,0
0,50,4,15,12,1,0,0,0,0,0,0,1
0,50,0,16,15,1,1,0,0,0,0,0,1
1,49,1,6,8,0,0,0,0,0,0,0,0
0,49,4,16,12,1,0,0,0,0,0,0,0
0,49,3,19,13,1,0,0,0,0,0,0,0
0,49,3,12.33,13,0,0,0,0,0,0,0,0
0,49,3,18,15,1,0,0,0,0,0,0,0
0,49,4,12.33,15,0,0,0,0,0,0,0,0
0,49,3,17,17,1,0,0,0,0,0,0,0
0,49,3,12.33,20,0,0,0,0,0,0,0,0
0,49,3,14,9,1,0,0,0,0,0,0,0
0,49,3,0,14,0,0,0,0,0,0,0,0
0,49,4,18,16,1,0,0,0,0,0,0,0
0,49,4,16,18,0,0,0,0,0,0,0,0
0,49,2,0,4,1,0,0,1,0,0,0,0
0,49,4,5,9,0,0,0,1,0,0,0,0
0,49,4,21,14,0,0,0,1,0,0,0,0
0,49,0,14,15,1,0,0,1,0,0,0,0
0,49,0,21,16,1,0,1,1,0,0,0,0
0,49,0,15,16,0,0,1,1,0,0,0,0
0,49,4,15,11,0,1,0,0,1,0,0,0
1,49,4,0,15,0,0,0,0,0,1,0,0
0,49,2,6,16,1,0,0,0,0,1,0,0
0,49,0,17,13,1,0,0,0,0,1,0,0
1,49,0,0,7,1,0,0,1,0,1,0,0
0,49,3,15,12,0,0,0,1,0,1,0,0
0,49,4,16,14,0,0,0,1,0,1,0,0
0,49,0,12,7,1,0,0,1,0,0,1,0
0,49,0,11,14,0,0,0,0,0,0,0,1
0,49,4,17,16,0,0,0,0,0,0,0,1
0,49,4,12.33,20,1,0,0,0,0,0,0,1
0,48,3,10,11,0,0,0,0,0,0,0,0
0,48,4,11,12,0,0,0,0,0,0,0,0
0,48,3,0,8,0,0,0,0,0,0,0,0
0,48,3,15,12,0,0,0,0,0,0,0,0
0,48,3,12.33,12,0,0,0,0,0,0,0,0
0,48,4,16,16,0,0,1,0,0,0,0,0
0,48,0,17,16,1,0,0,0,0,0,0,0
0,48,3,21,16,1,1,0,0,0,0,0,0
0,48,3,0,12,0,0,0,1,0,0,0,0
0,48,0,0,13,0,0,0,1,0,0,0,0
0,48,3,0,16,0,0,0,1,0,0,0,0
1,48,1,0,12,1,0,0,0,1,0,0,0
0,48,0,12,12,0,0,0,1,1,0,0,0
0,48,4,14,12,0,0,0,0,0,1,0,0
0,48,0,13,12,0,0,0,0,0,1,0,0
1,48,0,12.33,14,0,0,0,0,0,1,0,0
0,48,4,15,16,0,0,0,0,0,1,0,0
1,48,0,12.33,10,0,0,0,1,0,0,1,0
0,48,4,12.33,14,1,0,0,0,0,0,0,1
0,48,4,19,16,1,0,0,0,0,0,0,1
0,47,1,0,6,1,0,0,0,0,0,0,0
0,47,2,13,7,1,1,0,0,0,0,0,0
0,47,4,15,12,0,0,0,0,0,0,0,0
0,47,2,18,14,1,1,0,0,0,0,0,0
0,47,4,12.33,18,0,0,0,0,0,0,0,0
0,47,0,15,6,1,0,0,0,0,0,0,0
0,47,0,12,11,0,0,0,0,0,0,0,0
0,47,0,11,12,1,0,0,0,0,0,0,0
0,47,3,11,12,0,0,0,0,0,0,0,0
0,47,0,14,12,0,0,0,0,0,0,0,0
0,47,0,16,12,1,0,0,0,0,0,0,0
0,47,3,16,12,1,0,0,0,0,0,0,0
0,47,4,21,12,1,0,0,0,0,0,0,0
1,47,0,12,13,0,1,0,0,0,0,0,0
0,47,0,18,16,1,0,0,0,0,0,0,0
1,47,0,20,18,1,0,0,0,0,0,0,0
1,47,0,4,19,1,0,0,0,0,0,0,0
0,47,4,21,20,1,0,0,0,0,0,0,0
0,47,1,14,12,1,0,0,1,0,0,0,0
0,47,3,12,13,1,0,0,1,0,0,0,0
0,47,4,11,14,0,0,0,1,0,0,0,0
1,47,0,0,12,0,0,0,1,1,0,0,0
0,47,0,0,13,0,1,0,1,1,0,0,0
0,47,3,0,8,1,0,0,0,0,1,0,0
0,47,1,3,11,0,0,0,0,0,1,0,0
0,47,3,17,14,0,0,0,0,0,1,0,0
0,47,3,11,16,1,0,0,0,0,1,0,0
0,47,3,13,12,1,0,0,0,0,1,0,0
0,47,3,18,14,0,0,0,0,0,1,0,0
0,47,3,16,15,1,0,0,0,0,1,0,0
0,47,3,14,16,0,0,0,0,0,1,0,0
0,47,0,15,12,0,0,0,0,0,1,0,0
0,47,0,18,12,1,0,0,0,0,0,0,1
1,47,0,21,16,1,0,0,0,0,0,0,1
0,47,1,12,13,1,0,0,1,0,0,0,1
0,46.04,3,21,12,0,0,0,0,0,0,0,0
0,46.04,2,0,16,0,0,0,0,1,0,0,0
0,46.04,0,0,20,0,0,0,0,1,0,0,0
0,46.04,2,12.33,10,0,0,0,0,0,0,0,1
0,46.04,4,12.33,18,1,1,0,0,0,0,0,0
0,46,3,0,12,1,0,0,0,0,0,0,0
0,46,3,2,12,0,0,0,0,0,0,0,0
0,46,3,14,14,1,0,0,0,0,0,0,0
0,46,4,15,14,1,0,0,0,0,0,0,0
0,46,3,16,14,1,0,0,0,0,0,0,0
0,46,2,12.33,14,1,0,0,0,0,0,0,0
0,46,3,8,16,0,0,1,0,0,0,0,0
0,46,4,12.33,16,0,1,0,0,0,0,0,0
0,46,4,21,20,1,0,0,0,0,0,0,0
0,46,3,15,12,0,0,0,0,0,0,0,0
0,46,0,18,12,1,0,0,0,0,0,0,0
0,46,4,16,14,0,0,0,0,0,0,0,0
0,46,0,21,18,1,0,0,0,0,0,0,0
0,46,3,21,18,0,0,0,0,0,0,0,0
0,46,3,18,12,1,0,0,1,0,0,0,0
0,46,0,12.33,12,0,0,0,1,0,0,0,0
0,46,0,4,14,0,0,0,1,0,0,0,0
0,46,4,11,14,0,0,0,1,0,0,0,0
1,46,3,9,12,0,1,0,1,0,0,0,0
0,46,0,17,14,1,0,0,1,0,0,0,0
0,46,4,7,11,0,0,0,0,0,1,0,0
0,46,4,18,12,0,0,0,0,0,1,0,0
0,46,3,19,15,1,0,0,0,0,1,0,0
0,46,0,3,12,0,0,0,0,0,1,0,0
1,46,2,14,12,1,0,0,0,0,1,0,0
0,46,3,16,12,0,0,0,0,0,1,0,0
0,46,0,10,13,0,0,0,0,0,1,0,0
0,46,3,19,14,0,0,0,0,0,1,0,0
1,46,0,0,12,0,0,0,1,0,1,0,0
0,46,0,8,12,0,0,0,1,0,1,0,0
0,46,3,19,20,0,0,0,0,0,1,0,0
0,46,3,16,20,0,0,0,0,0,0,0,1
0,45,3,0,12,0,0,0,0,0,0,0,0
0,45,4,16,12,1,0,0,0,0,0,0,0
0,45,4,18,12,1,0,0,0,0,0,0,0
0,45,3,11,13,0,0,0,0,0,0,0,0
0,45,3,15,13,1,0,0,0,0,0,0,0
0,45,3,14,14,0,0,0,0,0,0,0,0
0,45,4,16,14,0,0,0,0,0,0,0,0
0,45,3,20,15,1,0,0,0,0,0,0,0
1,45,3,17,16,1,0,0,0,0,0,0,0
0,45,0,9,12,0,0,0,0,0,0,0,0
0,45,0,10,12,0,0,0,0,0,0,0,0
0,45,2,15,12,1,0,0,0,0,0,0,0
0,45,0,16,12,1,0,0,0,0,0,0,0
0,45,4,17,14,1,1,0,0,0,0,0,0
0,45,4,21,16,0,0,0,0,0,0,0,0
0,45,0,8,18,0,0,0,0,0,0,0,0
0,45,0,21,18,1,0,0,0,0,0,0,0
0,45,2,21,19,1,0,0,0,0,0,0,0
0,45,0,6,16,0,0,0,1,0,0,0,0
0,45,3,16,12,0,0,0,0,0,1,0,0
0,45,3,17,13,1,0,0,0,0,1,0,0
0,45,4,18,13,0,0,0,0,0,1,0,0
0,45,3,12.33,14,0,0,0,0,0,1,0,0
1,45,2,0,10,0,0,0,0,0,1,0,0
0,45,0,18,13,1,0,0,0,0,1,0,0
0,45,0,16,14,0,0,0,0,0,1,0,0
0,45,4,20,16,0,0,1,0,0,1,0,0
0,45,3,18,17,0,0,0,0,0,1,0,0
1,45,2,0,12,1,0,0,1,0,1,0,0
0,45,3,15,15,1,0,0,0,0,0,1,0
1,45,2,0,9,1,1,0,1,0,0,1,0
0,45,4,20,13,0,0,0,0,0,0,0,1
0,45,0,12.33,15,0,0,0,0,0,0,0,1
0,44,2,17,12,1,0,0,0,0,0,0,0
0,44,4,17,13,0,0,0,0,0,0,0,0
0,44,3,16,14,1,0,0,0,0,0,0,0
0,44,3,17,17,1,0,0,0,0,0,0,0
0,44,3,18,18,0,0,0,0,0,0,0,0
0,44,3,0,19,1,0,0,0,0,0,0,0
0,44,4,17,20,1,0,1,0,0,0,0,0
0,44,0,21,12,1,0,0,0,0,0,0,0
0,44,0,11,16,1,0,0,0,0,0,0,0
0,44,0,18,16,1,0,0,0,0,0,0,0
0,44,4,20,16,1,0,0,0,0,0,0,0
0,44,4,18,18,1,1,0,0,0,0,0,0
0,44,3,14,9,1,0,0,1,0,0,0,0
0,44,0,12.33,13,0,0,0,1,0,0,0,0
0,44,0,0,12,0,0,0,1,0,0,0,0
0,44,4,0,12,0,0,0,0,0,1,0,0
0,44,2,0,12,1,0,0,0,0,1,0,0
0,44,3,14,12,0,1,0,0,0,1,0,0
0,44,0,14,12,0,0,0,0,0,1,0,0
0,44,4,17,14,0,0,0,0,0,1,0,0
0,44,3,9,12,0,0,0,1,0,1,0,0
0,44,4,12,13,0,0,0,1,0,1,0,0
1,44,2,5,14,0,1,0,1,0,1,0,0
0,44,0,10,12,0,1,0,1,0,0,1,0
0,44,3,18,16,1,1,0,0,0,0,0,1
0,44,0,12,12,0,1,0,0,0,0,0,1
0,44,0,0,12,1,0,0,1,0,0,0,1
0,44,1,0,16,0,0,0,1,0,0,0,1
0,44,0,13,16,0,0,1,1,0,0,0,1
0,43,2,0,12,0,0,0,0,0,0,0,0
1,43,3,1,12,0,0,0,0,0,0,0,0
0,43,3,12,12,1,0,0,0,0,0,0,0
1,43,3,15,15,0,0,0,0,0,0,0,0
0,43,3,13,16,0,0,0,0,0,0,0,0
0,43,3,15,16,0,0,0,0,0,0,0,0
0,43,4,16,16,1,0,0,0,0,0,0,0
0,43,4,21,16,1,0,0,0,0,0,0,0
0,43,4,16,18,0,0,0,0,0,0,0,0
0,43,3,14,6,1,0,0,0,0,0,0,0
0,43,4,19,11,1,0,0,0,0,0,0,0
0,43,4,15,13,1,1,0,0,0,0,0,0
0,43,2,15,13,1,0,0,0,0,0,0,0
0,43,0,19,14,1,0,0,0,0,0,0,0
0,43,0,12.33,15,0,0,0,0,0,0,0,0
0,43,3,0,16,0,0,0,0,0,0,0,0
0,43,0,9,16,0,0,0,0,0,0,0,0
0,43,0,14,16,1,0,0,0,0,0,0,0
0,43,3,18,16,1,0,0,0,0,0,0,0
0,43,4,16,18,0,0,0,0,0,0,0,0
0,43,0,21,18,1,0,0,0,0,0,0,0
0,43,3,18,12,1,0,0,1,0,0,0,0
0,43,0,17,13,1,0,0,0,0,0,0,0
1,43,2,1,8,1,0,0,0,1,0,0,0
0,43,3,2,12,1,0,0,0,0,1,0,0
0,43,0,21,10,1,0,1,0,0,1,0,0
1,43,2,17,11,1,0,0,0,0,1,0,0
0,43,3,15,12,0,0,1,0,0,1,0,0
1,43,0,16,12,1,0,0,0,0,1,0,0
0,43,2,16,12,0,1,0,0,0,1,0,0
0,43,2,18,16,0,0,0,0,0,1,0,0
1,43,2,6,12,0,0,0,1,0,1,0,0
0,43,3,2,13,0,1,0,1,0,1,0,0
1,43,0,12,13,1,0,0,0,0,1,0,0
0,43,0,12.33,16,0,1,0,0,0,1,0,0
0,43,4,3,16,0,0,0,1,0,0,1,0
0,43,3,15,14,0,1,0,0,0,0,0,1
0,43,3,10,18,0,0,0,0,0,0,0,1
0,43,4,11,17,0,0,0,1,0,0,0,1
1,43,1,0,13.05,0,0,0,0,0,0,0,1
0,42,2,10,12,0,0,0,0,0,0,0,0
0,42,4,14,12,1,0,0,0,0,0,0,0
0,42,4,17,12,1,0,0,0,0,0,0,0
0,42,4,19,14,0,0,0,0,0,0,0,0
0,42,3,16,15,1,0,0,0,0,0,0,0
0,42,3,19,16,1,0,0,0,0,0,0,0
0,42,4,12.33,11,0,0,0,0,0,0,0,0
0,42,0,0,12,0,0,0,0,0,0,0,0
0,42,0,11,12,0,0,1,0,0,0,0,0
0,42,0,12.33,12,1,0,0,0,0,0,0,0
0,42,0,12.33,12,1,0,0,0,0,0,0,0
0,42,0,20,13,1,0,0,0,0,0,0,0
0,42,4,12,14,0,0,0,0,0,0,0,0
0,42,0,15,14,1,0,0,0,0,0,0,0
0,42,0,5,15,0,0,1,0,0,0,0,0
0,42,4,16,17,0,0,0,0,0,0,0,0
0,42,4,11,18,0,1,0,0,0,0,0,0
0,42,0,6,11,1,0,0,1,0,0,0,0
0,42,0,1,12,0,0,0,1,0,0,0,0
0,42,3,2,14,0,0,0,1,0,0,0,0
0,42,0,12,15,1,0,0,1,0,0,0,0
1,42,3,7,10,0,0,0,1,0,0,0,0
1,42,2,0,12,1,0,0,0,0,1,0,0
1,42,4,0,14,1,0,0,0,0,1,0,0
0,42,3,15,13,0,0,0,0,0,1,0,0
0,42,0,13,19,0,0,0,0,0,1,0,0
1,42,2,19,18,0,0,1,1,0,1,0,0
0,42,1,0,9,0,0,0,1,0,1,0,0
0,42,3,16,12,0,0,1,0,0,0,0,1
0,42,0,17,14,1,0,0,0,0,0,0,1
0,42,0,9,17,0,0,0,0,0,0,0,1
0,42,0,15,20,1,0,0,0,0,0,0,1
1,41,3,16,6,1,0,1,0,0,0,0,0
1,41,2,10,11,1,0,1,0,0,0,0,0
0,41,3,11,12,1,0,0,0,0,0,0,0
0,41,3,12,12,1,0,0,0,0,0,0,0
0,41,3,4,13,0,0,0,0,0,0,0,0
0,41,3,0,14,0,0,0,0,0,0,0,0
0,41,3,0,14,0,0,0,0,0,0,0,0
0,41,3,7,14,1,1,0,0,0,0,0,0
0,41,3,12.33,14,1,0,0,0,0,0,0,0
0,41,2,3,15,0,0,1,0,0,0,0,0
0,41,3,17,15,1,1,0,0,0,0,0,0
0,41,4,9,16,1,0,0,0,0,0,0,0
0,41,3,0,12,0,0,1,0,0,0,0,0
0,41,0,11,12,1,1,0,0,0,0,0,0
0,41,2,11,12,1,0,0,0,0,0,0,0
0,41,3,0,14,0,0,0,0,0,0,0,0
0,41,3,19,15,0,0,0,0,0,0,0,0
0,41,0,17,20,0,0,0,0,0,0,0,0
1,41,0,10,12,1,1,0,1,0,0,0,0
0,41,0,17,12,1,0,0,1,0,0,0,0
0,41,4,19,12,1,1,0,1,0,0,0,0
0,41,2,0,13,1,0,0,1,0,0,0,0
0,41,4,12,13,1,1,0,1,0,0,0,0
1,41,0,20,17,0,0,1,1,0,0,0,0
0,41,0,20,19,0,0,0,1,0,0,0,0
0,41,0,18,16,1,0,0,1,0,0,0,0
0,41,2,0,12,0,1,0,0,0,1,0,0
0,41,3,13,12,0,0,0,0,0,1,0,0
0,41,3,17,14,0,0,0,0,0,1,0,0
0,41,4,13,12,0,1,0,0,0,1,0,0
0,41,4,15,16,0,0,0,0,0,1,0,0
0,41,2,20,19,0,0,1,0,0,1,0,0
0,41,3,11,11,0,1,0,1,0,1,0,0
1,41,3,17,11,0,0,0,1,0,1,0,0
0,41,3,8,15,1,1,0,1,0,1,0,0
0,41,3,12,12,1,0,0,0,0,1,0,0
1,41,0,17,17,0,0,0,1,0,0,1,0
1,41,3,0,12,0,1,0,0,0,0,0,1
1,41,2,0,14,0,0,0,1,0,0,0,1
0,40,4,0,12,0,0,0,0,0,0,0,0
0,40,3,7,12,0,0,0,0,0,0,0,0
0,40,4,10,12,1,0,0,0,0,0,0,0
0,40,3,12,12,1,0,0,0,0,0,0,0
0,40,4,18,12,0,1,0,0,0,0,0,0
0,40,3,10,13,1,0,0,0,0,0,0,0
0,40,4,12,16,0,0,0,0,0,0,0,0
0,40,3,11,18,0,0,0,0,0,0,0,0
0,40,3,2,12,0,0,0,0,0,0,0,0
0,40,0,3,12,0,0,0,0,0,0,0,0
0,40,4,10,12,0,0,0,0,0,0,0,0
0,40,0,15,12,1,0,0,0,0,0,0,0
0,40,4,15,12,0,0,0,0,0,0,0,0
0,40,0,18,13,1,0,0,0,0,0,0,0
0,40,0,11,14,0,0,0,0,0,0,0,0
0,40,0,12.33,14,0,0,0,0,0,0,0,0
0,40,0,11,15,1,0,1,0,0,0,0,0
0,40,0,17,15,1,0,0,0,0,0,0,0
0,40,0,12,16,0,0,0,0,0,0,0,0
0,40,4,19,18,1,0,0,0,0,0,0,0
0,40,3,19,18,1,0,0,0,0,0,0,0
0,40,0,21,18,1,0,0,0,0,0,0,0
1,40,0,19,20,1,0,0,0,0,0,0,0
0,40,3,0,12,0,0,0,1,0,0,0,0
0,40,0,7,12,0,0,0,1,0,0,0,0
0,40,4,1,15,0,0,0,1,0,0,0,0
0,40,3,3,17,0,0,0,1,0,0,0,0
0,40,2,21,19,1,0,0,1,0,0,0,0
0,40,4,12.33,15,1,1,0,0,0,1,0,0
0,40,3,12,12,1,0,0,0,0,1,0,0
0,40,3,14,12,0,0,0,0,0,1,0,0
0,40,0,19,18,1,0,0,0,0,1,0,0
0,40,0,4,7,0,0,0,1,0,1,0,0
0,40,3,12,12,0,0,0,0,0,1,0,0
0,40,3,13,12,0,0,0,0,0,1,0,0
0,40,3,0,12,0,1,0,0,0,0,1,0
0,40,2,18,12,1,0,0,0,0,0,0,1
1,40,3,16,16,1,0,0,0,0,0,0,1
0,40,4,16,16,0,1,0,0,0,0,0,1
0,40,0,3,11,0,1,0,1,0,0,0,1
0,39,3,0,12,0,1,0,0,0,0,0,0
0,39,3,6,12,0,0,0,0,0,0,0,0
0,39,3,13,12,1,0,0,0,0,0,0,0
0,39,3,17,12,0,0,0,0,0,0,0,0
0,39,3,9,13,0,0,0,0,0,0,0,0
0,39,4,20,13,1,0,0,0,0,0,0,0
0,39,4,8,14,1,0,0,0,0,0,0,0
0,39,3,13,14,0,0,1,0,0,0,0,0
0,39,3,11,16,0,0,1,0,0,0,0,0
0,39,4,18,16,0,0,0,0,0,0,0,0
0,39,4,0,17,0,0,0,0,0,0,0,0
0,39,4,15,19,0,0,0,0,0,0,0,0
0,39,0,1,12,0,0,0,0,0,0,0,0
0,39,4,3,12,0,0,0,0,0,0,0,0
0,39,4,10,12,1,0,0,0,0,0,0,0
0,39,0,13,12,0,0,0,0,0,0,0,0
0,39,0,13,12,0,0,0,0,0,0,0,0
1,39,0,17,15,0,0,0,0,0,0,0,0
0,39,4,18,15,1,0,0,0,0,0,0,0
0,39,3,0,16,1,0,0,0,0,0,0,0
0,39,4,18,16,1,0,0,0,0,0,0,0
0,39,4,21,17,1,0,0,0,0,0,0,0
0,39,0,12.33,17,1,0,0,0,0,0,0,0
0,39,3,12,10,1,1,0,1,0,0,0,0
0,39,3,15,14,0,0,0,1,0,0,0,0
1,39,2,0,11,0,1,0,1,0,0,0,0
0,39,3,13,12,0,0,0,0,0,1,0,0
0,39,4,16,19,1,1,0,0,0,1,0,0
0,39,3,11,12,0,0,0,0,0,1,0,0
0,39,0,16,12,1,0,0,0,0,1,0,0
0,39,2,17,12,1,0,0,1,0,1,0,0
1,39,0,16,16,1,0,0,1,0,1,0,0
1,39,0,0,11,1,0,0,1,0,1,0,0
0,39,4,10,12,0,1,0,0,0,0,1,0
0,39,3,0,14,0,0,0,1,0,0,1,0
0,39,3,0,8,0,1,0,0,0,0,0,1
0,39,4,12,16,1,0,0,0,0,0,0,1
1,39,3,16,16,0,0,0,0,0,0,0,1
0,39,2,16,18,0,0,0,0,0,0,0,1
0,39,0,13,12,1,0,0,1,0,0,0,1
0,39,0,16,18,1,0,0,1,0,0,0,1
0,38,3,0,12,0,0,0,0,0,0,0,0
0,38,2,3,12,0,0,0,0,0,0,0,0
0,38,3,0,14,0,0,1,0,0,0,0,0
0,38,3,15,16,1,0,0,0,0,0,0,0
0,38,4,21,19,1,0,0,0,0,0,0,0
0,38,3,14,12,1,0,0,0,0,0,0,0
0,38,0,16,12,1,0,0,0,0,0,0,0
0,38,2,4,13,0,0,0,0,0,0,0,0
0,38,0,15,13,0,0,0,0,0,0,0,0
0,38,0,16,13,0,0,0,0,0,0,0,0
0,38,4,11,14,1,0,0,0,0,0,0,0
0,38,0,13,15,0,0,0,0,0,0,0,0
0,38,4,19,16,1,0,0,0,0,0,0,0
0,38,3,21,16,1,0,0,0,0,0,0,0
0,38,3,15,18,0,0,0,0,0,0,0,0
1,38,2,0,12,0,0,0,1,0,0,0,0
0,38,0,2,13,0,0,0,1,0,0,0,0
0,38,3,13,14,0,1,0,1,0,0,0,0
0,38,3,16,15,0,0,0,1,0,0,0,0
0,38,0,12.33,17,0,0,0,1,0,0,0,0
0,38,3,0,16,0,0,1,0,0,0,0,0
0,38,2,0,8,0,0,0,0,1,0,0,0
0,38,2,10,8,1,0,0,0,0,1,0,0
0,38,3,12,10,1,0,0,0,0,1,0,0
0,38,3,6,12,0,0,0,0,0,1,0,0
0,38,4,20,12,1,0,0,0,0,1,0,0
0,38,3,17,14,0,1,0,0,0,1,0,0
0,38,4,13,11,1,0,1,0,0,1,0,0
0,38,0,9,12,0,0,0,0,0,1,0,0
0,38,0,16,14,0,0,0,0,0,1,0,0
0,38,0,17,14,1,0,0,0,0,1,0,0
1,38,0,20,18,1,0,0,0,0,1,0,0
0,38,0,0,12,0,0,0,1,0,1,0,0
1,38,2,9,12,0,0,0,1,0,1,0,0
0,38,0,18,14,0,0,0,1,0,1,0,0
0,38,0,11,11,1,0,0,1,0,1,0,0
0,38,4,12,14,0,0,0,0,0,0,1,0
0,38,0,10,13,1,1,0,0,0,0,1,0
1,38,3,7,10,0,0,0,1,0,0,1,0
0,38,0,15,12,0,1,0,1,0,0,1,0
0,38,0,0,11,0,0,0,0,0,0,0,1
0,38,4,16,12,1,0,0,0,0,0,0,1
0,38,0,17,16,0,0,0,0,0,0,0,1
1,38,0,0,15,1,0,0,1,0,0,0,1
0,37,4,14,12,1,0,0,0,0,0,0,0
0,37,4,9,13,0,0,0,0,0,0,0,0
0,37,2,14,14,1,0,0,0,0,0,0,0
0,37,3,16,14,1,0,0,0,0,0,0,0
0,37,3,16,14,0,0,0,0,0,0,0,0
0,37,4,9,16,0,0,0,0,0,0,0,0
0,37,3,3,17,0,0,0,0,0,0,0,0
0,37,4,14,17,1,0,0,0,0,0,0,0
0,37,3,20,18,1,0,0,0,0,0,0,0
1,37,3,14,10,1,0,0,0,0,0,0,0
1,37,0,0,12,0,0,0,0,0,0,0,0
0,37,0,9,12,0,0,0,0,0,0,0,0
0,37,3,13,12,0,0,0,0,0,0,0,0
0,37,4,19,12,1,0,0,0,0,0,0,0
0,37,0,12,13,1,1,0,0,0,0,0,0
0,37,0,13,13,0,0,0,0,0,0,0,0
0,37,2,18,16,1,0,0,0,0,0,0,0
0,37,0,21,16,0,0,0,0,0,0,0,0
0,37,0,17,17,0,0,0,0,0,0,0,0
0,37,0,0,18,0,0,0,0,0,0,0,0
0,37,4,19,18,0,0,0,0,0,0,0,0
1,37,0,9,19,1,0,0,0,0,0,0,0
0,37,0,4,5,1,0,1,1,0,0,0,0
0,37,4,0,11,0,0,0,1,0,0,0,0
0,37,0,0,12,0,0,0,1,0,0,0,0
0,37,0,2,12,0,0,0,1,0,0,0,0
0,37,3,2,13,0,0,0,0,0,0,0,0
0,37,3,15,12,0,0,0,0,0,1,0,0
0,37,3,14,12,0,0,1,0,0,1,0,0
0,37,3,9,13,0,0,0,0,0,1,0,0
0,37,0,10,15,0,0,0,0,0,1,0,0
1,37,3,8,13,0,0,0,1,0,1,0,0
1,37,1,1,12,0,0,0,0,0,0,1,0
0,37,1,12.33,10,1,0,0,0,0,0,0,1
1,37,2,10,12,1,0,0,0,0,0,0,1
0,37,0,14,18,0,0,0,0,0,0,0,1
1,37,2,10,13,0,0,0,1,0,0,0,1
0,37,0,16,14,1,0,0,1,0,0,0,1
1,36,4,0,12,0,0,0,0,0,0,0,0
0,36,4,0,13,0,0,0,0,0,0,0,0
0,36,4,9,14,0,0,0,0,0,0,0,0
0,36,4,15,14,0,0,0,0,0,0,0,0
0,36,3,21,14,1,0,0,0,0,0,0,0
0,36,3,12.33,16,1,0,0,0,0,0,0,0
0,36,4,16,17,1,0,0,0,0,0,0,0
0,36,0,10,8,1,0,0,0,0,0,0,0
0,36,0,0,10,0,1,0,0,0,0,0,0
0,36,0,16,10,1,0,0,0,0,0,0,0
0,36,0,0,12,0,0,0,0,0,0,0,0
0,36,0,0,12,1,0,0,0,0,0,0,0
0,36,0,12.33,12,0,0,0,0,0,0,0,0
0,36,0,12.33,12,1,0,0,0,0,0,0,0
0,36,0,10,13,0,0,0,0,0,0,0,0
0,36,0,11,14,0,0,0,0,0,0,0,0
0,36,0,17,16,1,0,0,0,0,0,0,0
0,36,0,20,16,1,0,0,0,0,0,0,0
0,36,4,0,17,0,0,0,0,0,0,0,0
0,36,0,14,18,0,1,0,0,0,0,0,0
0,36,3,17,19,1,0,0,0,0,0,0,0
0,36,0,2,8,1,0,0,1,0,0,0,0
0,36,0,9,8,1,0,1,1,0,0,0,0
0,36,3,9,12,0,0,0,1,0,0,0,0
0,36,3,18,14,1,0,0,1,0,0,0,0
0,36,3,19,16,1,0,0,1,0,0,0,0
0,36,0,2,12,0,0,0,1,0,0,0,0
1,36,2,0,14,0,0,0,1,0,0,0,0
0,36,3,11,9,1,0,0,0,0,1,0,0
0,36,3,13,9,1,0,0,0,0,1,0,0
0,36,2,2,12,1,0,0,1,0,1,0,0
0,36,3,18,12,1,0,0,1,0,1,0,0
0,36,0,3,12,0,0,1,1,0,1,0,0
0,36,2,9,12,0,0,0,0,0,1,0,0
0,36,2,10,11,0,0,0,1,0,0,1,0
0,36,3,12,12,0,0,0,0,0,0,1,0
0,36,3,6,12,1,0,0,0,0,0,0,1
0,36,4,19,12,1,0,0,0,0,0,0,1
1,36,3,16,16,1,0,0,0,0,0,0,1
0,36,3,17,18,0,0,0,0,0,0,0,1
0,36,0,10,14,0,1,0,0,0,0,0,1
0,36,3,17,17,1,1,0,0,0,0,0,1
0,36,0,13,18,0,0,0,0,0,0,0,1
0,36,4,9,18,0,0,0,1,0,0,0,1
0,36,0,8,13,1,1,0,1,0,0,0,1
0,35,2,0,12,0,0,0,0,0,0,0,0
0,35,2,17,14,1,0,0,0,0,0,0,0
0,35,3,18,16,0,0,0,0,0,0,0,0
0,35,3,18,20,1,0,0,0,0,0,0,0
0,35,3,6,11,1,1,0,0,0,0,0,0
0,35,4,3,12,0,0,0,0,0,0,0,0
1,35,0,12,12,1,0,0,0,0,0,0,0
0,35,4,12,12,1,0,0,0,0,0,0,0
0,35,4,12,12,0,0,0,0,0,0,0,0
0,35,3,14,12,0,0,0,0,0,0,0,0
0,35,0,16,12,1,0,0,0,0,0,0,0
0,35,0,2,13,0,0,0,0,0,0,0,0
0,35,2,11,13,1,0,0,0,0,0,0,0
0,35,3,21,13,1,0,0,0,0,0,0,0
0,35,3,12.33,14,0,0,0,0,0,0,0,0
0,35,0,0,16,1,0,0,0,0,0,0,0
0,35,0,16,16,1,0,0,0,0,0,0,0
0,35,0,16,16,1,0,0,0,0,0,0,0
0,35,0,18,16,1,0,0,0,0,0,0,0
0,35,4,14,17,1,0,0,0,0,0,0,0
0,35,0,17,17,0,0,1,0,0,0,0,0
0,35,3,18,17,1,0,0,0,0,0,0,0
0,35,0,17,18,0,0,0,0,0,0,0,0
0,35,4,14,19,1,0,0,0,0,0,0,0
0,35,0,18,19,1,0,0,0,0,0,0,0
0,35,3,20,19,0,0,0,0,0,0,0,0
0,35,0,0,8,0,0,0,1,0,0,0,0
0,35,0,0,14,0,0,0,1,0,0,0,0
0,35,3,3,15,0,0,0,1,0,0,0,0
0,35,4,0,12,0,0,0,0,0,1,0,0
0,35,4,2,12,1,0,0,0,0,1,0,0
0,35,3,14,13,0,0,0,0,0,1,0,0
0,35,0,19,16,0,0,0,0,0,1,0,0
0,35,3,17,12,1,0,0,1,0,0,1,0
1,35,3,0,13,0,1,0,1,0,0,1,0
0,35,0,16,10,0,1,0,0,0,0,1,0
1,35,0,0,12,0,1,0,0,0,0,1,0
1,35,2,0,11,0,0,0,0,0,0,0,1
0,35,3,4,15,1,0,0,0,0,0,0,1
0,35,4,15,17,1,0,0,0,0,0,0,1
0,35,0,15,9,1,1,0,0,0,0,0,1
0,35,3,13,14,1,0,0,0,0,0,0,1
0,35,0,15,14,1,0,0,0,0,0,0,1
0,35,2,0,13,0,1,0,1,0,0,0,1
0,34,3,0,16,0,0,0,0,0,0,0,0
0,34,3,13,16,0,0,0,0,0,0,0,0
0,34,4,12.33,16,1,0,0,0,0,0,0,0
0,34,3,16,18,0,0,0,0,0,0,0,0
0,34,4,17,20,1,0,0,0,0,0,0,0
0,34,4,12,12,1,0,1,0,0,0,0,0
0,34,3,18,12,1,0,0,0,0,0,0,0
0,34,0,9,14,0,0,0,0,0,0,0,0
0,34,0,15,16,0,0,0,0,0,0,0,0
0,34,0,20,16,1,0,0,0,0,0,0,0
0,34,0,21,16,1,0,0,0,0,0,0,0
0,34,0,4,12,0,0,0,1,0,0,0,0
0,34,0,14,14,1,0,0,1,0,0,0,0
0,34,0,15,17,1,0,0,1,0,0,0,0
0,34,0,15,12,1,0,0,1,0,0,0,0
0,34,3,0,12,0,0,0,0,0,1,0,0
0,34,4,17,12,1,0,0,0,0,1,0,0
0,34,4,18,18,0,0,0,0,0,1,0,0
0,34,0,5,10,1,0,0,1,0,1,0,0
0,34,0,16,14,1,0,0,1,0,1,0,0
1,34,2,15,13,1,1,0,1,0,0,1,0
0,34,0,14,14,0,1,0,1,0,0,1,0
0,34,4,16,15,1,1,0,0,0,0,0,1
0,34,2,15,16,0,0,0,0,0,0,0,1
0,34,3,15,18,1,0,0,0,0,0,0,1
0,34,3,15,12,0,0,0,0,0,0,0,1
0,34,4,16,12,1,0,0,0,0,0,0,1
0,34,4,8,16,1,0,0,0,0,0,0,1
0,33,2,0,8,0,0,0,0,0,0,0,0
0,33,3,14,10,1,0,0,0,0,0,0,0
0,33,3,18,12,1,0,0,0,0,0,0,0
0,33,4,12.33,13,0,0,0,0,0,0,0,0
1,33,3,15,16,1,0,0,0,0,0,0,0
0,33,4,12.33,16,1,0,0,0,0,0,0,0
0,33,4,8,13.05,1,1,0,0,0,0,0,0
0,33,0,9,9,1,0,0,0,0,0,0,0
0,33,1,3,12,0,0,0,0,0,0,0,0
0,33,0,8,12,0,0,0,0,0,0,0,0
0,33,0,16,12,1,0,0,0,0,0,0,0
0,33,4,15,14,0,0,0,0,0,0,0,0
0,33,0,15,16,0,0,0,0,0,0,0,0
0,33,4,12.33,16,0,0,0,0,0,0,0,0
0,33,4,14,17,1,0,0,0,0,0,0,0
0,33,0,12.33,18,1,0,0,0,0,0,0,0
0,33,0,11,19,1,0,0,0,0,0,0,0
0,33,0,15,20,1,0,0,0,0,0,0,0
0,33,3,10,14,0,0,1,1,0,0,0,0
0,33,0,12.33,14,0,1,0,1,0,0,0,0
0,33,0,0,15,0,1,0,1,0,0,0,0
0,33,3,17,14,0,0,0,0,0,1,0,0
0,33,0,0,11,1,0,0,1,0,1,0,0
0,33,0,6,12,0,0,0,1,0,1,0,0
1,33,3,12,13,0,0,0,0,0,1,0,0
0,33,3,10,14,0,0,0,0,0,0,1,0
0,33,0,10,13,0,1,0,1,0,0,1,0
0,33,0,1,12,0,0,0,0,0,0,1,0
0,33,4,10,9,1,0,0,0,0,0,0,1
0,33,3,9,10,0,0,1,0,0,0,0,1
0,33,3,13,14,1,0,0,0,0,0,0,1
0,33,4,15,16,1,0,0,0,0,0,0,1
0,33,3,9,14,0,0,0,0,0,0,0,1
0,33,3,7,16,0,0,0,0,0,0,0,1
0,33,0,18,16,0,0,0,0,0,0,0,1
0,33,0,19,16,1,0,0,0,0,0,0,1
0,32,3,11,9,0,0,0,0,0,0,0,0
0,32,4,13,12,0,0,0,0,0,0,0,0
0,32,3,0,13,0,0,0,0,0,0,0,0
0,32,4,14,15,1,1,0,0,0,0,0,0
0,32,3,0,18,0,0,1,0,0,0,0,0
0,32,3,18,18,0,0,0,0,0,0,0,0
0,32,3,0,9,0,0,0,0,0,0,0,0
0,32,0,0,12,1,0,0,0,0,0,0,0
0,32,3,3,12,0,0,0,0,0,0,0,0
0,32,0,13,12,1,0,0,0,0,0,0,0
0,32,2,13,12,0,0,0,0,0,0,0,0
0,32,0,14,12,1,0,0,0,0,0,0,0
0,32,3,17,12,0,0,0,0,0,0,0,0
1,32,0,12.33,14,1,0,0,0,0,0,0,0
0,32,4,20,18,1,0,0,0,0,0,0,0
0,32,3,2,9,0,0,0,1,0,0,0,0
0,32,0,1,12,0,1,0,1,0,0,0,0
0,32,0,20,16,0,0,0,1,0,0,0,0
0,32,2,0,9,0,0,1,1,0,0,0,0
0,32,3,10,12,1,0,1,1,0,0,0,0
1,32,2,13,13,1,0,1,0,0,1,0,0
1,32,0,9,17,0,0,0,1,0,1,0,0
0,32,3,12.33,14,0,0,0,1,0,0,1,0
0,32,3,6,11,1,1,0,0,0,0,0,1
0,32,4,8,16,1,0,0,0,0,0,0,1
0,32,3,11,20,0,0,1,0,0,0,0,1
0,32,3,21,16,1,0,0,0,0,0,0,1
0,32,3,12,18,0,0,0,0,0,0,0,1
0,32,0,0,12,0,0,0,1,0,0,0,1
0,32,0,11,16,1,0,1,1,0,0,0,1
0,31,2,0,12,0,0,0,0,0,0,0,0
0,31,4,3,12,0,0,0,0,0,0,0,0
0,31,3,14,12,1,0,0,0,0,0,0,0
0,31,3,16,12,0,0,0,0,0,0,0,0
0,31,3,13,14,1,0,0,0,0,0,0,0
0,31,4,0,16,0,0,0,0,0,0,0,0
0,31,0,6,12,0,0,0,0,0,0,0,0
0,31,0,14,12,1,1,0,0,0,0,0,0
0,31,3,13,13,1,0,0,0,0,0,0,0
0,31,0,12,14,0,0,0,0,0,0,0,0
0,31,0,0,16,0,0,1,0,0,0,0,0
0,31,0,0,16,0,0,1,0,0,0,0,0
1,31,4,11,16,0,0,0,0,0,0,0,0
0,31,3,13,16,1,0,0,0,0,0,0,0
0,31,2,14,16,1,0,0,0,0,0,0,0
0,31,0,15,16,0,0,0,0,0,0,0,0
0,31,4,0,17,0,0,0,0,0,0,0,0
0,31,4,19,19,0,1,0,0,0,0,0,0
0,31,3,18,20,1,0,1,0,0,0,0,0
0,31,0,16,15,1,0,0,1,0,0,0,0
0,31,0,11,14,0,0,0,1,0,0,0,0
0,31,2,14,12,1,1,0,0,0,1,0,0
0,31,4,9,13,0,0,0,0,0,1,0,0
0,31,4,20,18,1,0,0,0,0,1,0,0
0,31,0,12,12,0,0,0,0,0,1,0,0
0,31,3,16,12,0,0,0,0,0,1,0,0
0,31,3,21,20,1,0,0,0,0,1,0,0
0,31,3,0,12,0,0,0,1,0,1,0,0
0,31,3,9,12,1,0,0,1,0,1,0,0
1,31,1,0,12,0,0,0,0,0,0,0,1
1,31,2,9,12,1,0,0,0,0,0,0,1
0,31,3,17,16,1,0,0,0,0,0,0,1
0,31,0,6,12,0,0,1,0,0,0,0,1
0,31,0,14,12,0,0,0,0,0,0,0,1
0,31,3,18,14,1,0,0,0,0,0,0,1
0,31,0,15,16,0,1,0,0,0,0,0,1
0,30,3,10,12,0,0,0,0,0,0,0,0
0,30,4,0,14,0,0,0,0,0,0,0,0
0,30,4,0,14,0,0,0,0,0,0,0,0
0,30,3,12,14,0,0,0,0,0,0,0,0
0,30,3,12,16,1,0,0,0,0,0,0,0
0,30,0,8,11,0,0,0,0,0,0,0,0
0,30,3,0,12,1,0,0,0,0,0,0,0
0,30,0,12,12,0,0,0,0,0,0,0,0
0,30,3,12,12,0,0,0,0,0,0,0,0
1,30,3,16,12,0,0,0,0,0,0,0,0
0,30,3,9,14,0,0,0,0,0,0,0,0
0,30,0,12,14,0,1,0,0,0,0,0,0
0,30,0,14,14,0,0,0,0,0,0,0,0
0,30,4,11,16,0,0,0,0,0,0,0,0
0,30,4,18,16,1,0,0,0,0,0,0,0
0,30,4,15,17,1,0,0,0,0,0,0,0
0,30,0,0,18,0,0,0,0,0,0,0,0
0,30,0,3,12,0,0,0,1,0,0,0,0
0,30,3,10,12,1,0,0,1,0,0,0,0
0,30,3,18,16,0,0,0,1,0,0,0,0
0,30,3,0,12,0,1,0,0,0,1,0,0
0,30,0,0,10,0,1,0,0,0,1,0,0
0,30,0,11,11,1,0,0,0,0,1,0,0
0,30,3,14,12,0,0,0,0,0,1,0,0
0,30,0,12,14,0,0,0,0,0,1,0,0
0,30,0,0,12,0,0,0,1,0,1,0,0
0,30,4,3,12,0,0,0,0,0,0,1,0
0,30,3,10,11,1,0,0,0,0,0,0,1
0,30,3,9,12,1,0,0,0,0,0,0,1
1,30,4,11,14,0,0,0,0,0,0,0,1
0,30,3,16,14,0,1,0,0,0,0,0,1
0,30,3,16,14,0,1,0,0,0,0,0,1
0,30,3,20,20,1,0,0,0,0,0,0,1
0,30,3,0,10,0,0,0,0,0,0,0,1
0,30,0,17,14,1,0,0,0,0,0,0,1
0,30,2,5,11,1,1,0,1,0,0,0,1
0,30,0,5,14,1,0,0,1,0,0,0,1
1,30,3,0,16,1,0,0,1,0,0,0,1
0,30,4,12.33,16,0,0,1,1,0,0,0,1
0,29,3,14,9,1,0,0,0,0,0,0,0
0,29,3,21,12,1,0,0,0,0,0,0,0
0,29,4,0,16,0,0,0,0,0,0,0,0
1,29,3,17,18,1,1,0,0,0,0,0,0
0,29,4,18,18,0,0,0,0,0,0,0,0
0,29,4,13,12,0,0,0,0,0,0,0,0
0,29,3,14,12,0,0,0,0,0,0,0,0
0,29,0,0,13,0,0,0,0,0,0,0,0
0,29,4,8,13,1,0,0,0,0,0,0,0
0,29,0,12,14,0,1,0,0,0,0,0,0
0,29,2,0,16,1,0,0,0,0,0,0,0
0,29,4,12,16,0,0,0,0,0,0,0,0
0,29,0,15,16,1,0,0,0,0,0,0,0
1,29,3,0,10,0,0,0,1,0,0,0,0
0,29,0,9,12,1,0,0,1,0,0,0,0
0,29,0,9,12,0,0,0,1,0,0,0,0
0,29,0,4,13,0,0,0,1,0,0,0,0
0,29,3,12,12,0,0,0,0,0,1,0,0
1,29,0,10,11,0,1,0,0,0,1,0,0
0,29,0,0,12,0,1,0,0,0,0,1,0
0,29,3,15,16,1,0,0,0,0,0,1,0
0,29,2,12,12,0,0,0,0,0,0,0,1
1,29,3,14,12,0,0,0,0,0,0,0,1
0,29,4,12.33,14,1,0,0,0,0,0,0,1
0,29,4,0,15,0,1,0,0,0,0,0,1
0,29,4,15,16,0,0,0,0,0,0,0,1
0,29,3,8,12,1,0,0,0,0,0,0,1
0,29,0,16,16,1,0,0,0,0,0,0,1
0,29,4,19,16,1,0,0,0,0,0,0,1
0,29,0,16,18,0,0,0,0,0,0,0,1
0,29,4,0,11,0,1,0,1,0,0,0,1
0,29,0,8,13,1,1,0,1,0,0,0,1
0,29,3,18,14,1,0,0,1,0,0,0,1
0,28,3,0,11,0,0,0,0,0,0,0,0
0,28,4,0,12,1,0,0,0,0,0,0,0
0,28,1,0,12,0,1,0,0,0,0,0,0
0,28,3,8,12,1,0,0,0,0,0,0,0
0,28,3,0,13,0,0,0,0,0,0,0,0
0,28,3,11,14,0,0,0,0,0,0,0,0
0,28,1,6,15,0,0,0,0,0,0,0,0
0,28,3,10,16,0,0,0,0,0,0,0,0
0,28,3,18,17,1,0,0,0,0,0,0,0
0,28,4,17,18,1,0,0,0,0,0,0,0
0,28,0,6,13,0,0,0,0,0,0,0,0
1,28,2,9,13,0,0,0,0,0,0,0,0
0,28,0,3,16,0,0,0,0,0,0,0,0
0,28,0,5,16,0,0,0,0,0,0,0,0
1,28,3,15,16,1,0,0,0,0,0,0,0
0,28,4,16,16,1,0,0,0,0,0,0,0
0,28,4,16,16,1,1,0,0,0,0,0,0
0,28,0,16,18,1,0,0,0,0,0,0,0
0,28,0,0,8,0,0,0,1,0,0,0,0
0,28,0,0,10,0,0,0,1,0,0,0,0
1,28,4,12,11,1,0,0,1,0,0,0,0
0,28,0,11,13,0,0,0,1,0,0,0,0
0,28,0,1,18,1,0,0,1,0,0,0,0
1,28,0,3,9,1,0,1,1,0,0,0,0
0,28,3,5,10,0,0,0,0,0,1,0,0
0,28,3,9,10,1,0,0,0,0,1,0,0
1,28,2,0,12,0,0,0,0,0,1,0,0
0,28,3,14,12,1,0,0,0,0,1,0,0
0,28,4,14,16,1,0,0,0,0,1,0,0
0,28,0,6,12,0,0,0,0,0,1,0,0
0,28,0,12,12,1,0,0,0,0,1,0,0
0,28,4,13,12,0,0,0,0,0,0,1,0
0,28,4,15,17,1,1,0,0,0,0,1,0
0,28,3,14,12,1,0,0,0,0,0,0,1
0,28,4,18,12,1,0,0,0,0,0,0,1
1,28,3,15,13,0,1,0,0,0,0,0,1
0,28,3,15,17,1,0,0,0,0,0,0,1
0,28,3,5,19,0,0,0,0,0,0,0,1
0,28,3,0,13,0,0,0,0,0,0,0,1
0,28,0,16,13,1,0,0,0,0,0,0,1
0,28,0,16,13,1,0,0,0,0,0,0,1
0,28,0,15,16,0,0,0,0,0,0,0,1
0,28,3,15,17,0,0,0,0,0,0,0,1
0,28,0,1,13.05,1,0,0,0,0,0,0,1
0,28,0,11,16,1,0,0,1,0,0,0,1
0,28,3,0,18,1,0,0,1,0,0,0,1
0,27,4,11,14,0,0,0,0,0,0,0,0
0,27,4,15,15,1,0,0,0,0,0,0,0
1,27,3,11,16,0,0,0,0,0,0,0,0
0,27,4,12,16,1,0,1,0,0,0,0,0
0,27,3,15,16,1,0,0,0,0,0,0,0
0,27,3,0,10,0,0,0,0,0,0,0,0
0,27,0,0,12,0,0,0,0,0,0,0,0
0,27,3,14,13,1,0,0,0,0,0,0,0
0,27,4,17,16,0,0,0,0,0,0,0,0
0,27,4,19,16,0,0,0,0,0,0,0,0
0,27,0,13,9,1,0,0,1,0,0,0,0
0,27,4,4,15,0,1,0,1,0,0,0,0
0,27,4,8,13,1,0,0,1,0,1,0,0
0,27,3,0,9,0,0,0,0,0,1,0,0
0,27,3,0,9,0,1,0,0,0,0,0,1
0,27,4,4,11,0,0,0,0,0,0,0,1
0,27,2,16,14,0,0,0,0,0,0,0,1
0,27,4,11,20,1,0,0,0,0,0,0,1
0,27,1,0,14,0,1,0,0,0,0,0,1
0,27,3,15,16,0,0,0,0,0,0,0,1
0,27,3,16,17,1,0,0,0,0,0,0,1
0,27,3,17,13,1,0,0,1,0,0,0,1
0,27,0,2,14,0,0,0,1,0,0,0,1
0,26,4,11,12,1,0,0,0,0,0,0,0
0,26,4,12,12,1,1,0,0,0,0,0,0
0,26,4,12,12,1,0,0,0,0,0,0,0
0,26,3,9,13,0,0,0,0,0,0,0,0
1,26,3,10,13,1,0,0,0,0,0,0,0
0,26,3,15,13,1,0,0,0,0,0,0,0
0,26,4,10,17,0,0,0,0,0,0,0,0
0,26,0,0,12,0,0,0,0,0,0,0,0
0,26,0,11,12,1,0,0,0,0,0,0,0
0,26,3,14,12,1,0,0,0,0,0,0,0
1,26,0,15,12,0,0,1,0,0,0,0,0
0,26,0,14,13,1,0,0,0,0,0,0,0
0,26,0,1,12,0,0,0,1,0,0,0,0
1,26,0,0,15,0,0,0,1,0,0,0,0
1,26,0,0,9,0,0,0,1,0,0,0,0
0,26,4,10,11,0,1,0,0,0,0,1,0
0,26,2,19,10,1,0,1,0,0,0,0,1
0,26,4,11,12,0,1,0,0,0,0,0,1
1,26,3,13,12,1,0,0,0,0,0,0,1
0,26,3,4,17,1,0,0,0,0,0,0,1
0,26,0,11,11,0,0,0,0,0,0,0,1
0,26,0,13,14,1,0,0,0,0,0,0,1
0,26,0,13,14,1,0,0,0,0,0,0,1
0,26,3,0,18,1,0,0,0,0,0,0,1
0,26,4,10,19,0,0,0,0,0,0,0,1
0,26,0,11,15,1,0,1,1,0,0,0,1
0,26,0,1,16,1,0,0,1,0,0,0,1
0,25,4,9,12,0,0,0,0,0,0,0,0
0,25,0,14,11,0,0,0,0,0,0,0,0
0,25,2,11,12,0,0,1,0,0,0,0,0
0,25,3,10,15,1,0,0,0,0,0,0,0
1,25,4,12,16,0,0,0,0,0,0,0,0
0,25,4,14,16,1,0,0,0,0,0,0,0
0,25,0,17,16,1,0,0,0,0,0,0,0
0,25,2,0,9,0,0,0,1,0,0,0,0
0,25,2,11,12,1,0,0,1,0,0,0,0
0,25,3,12,12,1,0,0,1,0,0,0,0
0,25,0,9,13,1,0,0,1,0,0,0,0
0,25,3,9,13,0,0,0,1,0,0,0,0
0,25,0,11,14,1,0,0,1,0,0,0,0
0,25,3,13,17,1,0,0,1,0,0,0,0
0,25,4,5,12,0,1,0,0,0,1,0,0
0,25,2,10,15,0,0,0,0,0,1,0,0
0,25,4,13,17,0,0,0,0,0,1,0,0
0,25,2,0,12,1,1,0,0,0,0,0,1
0,25,3,13,12,1,1,0,0,0,0,0,1
0,25,3,13,12,0,0,1,0,0,0,0,1
0,25,3,14,13,0,0,0,0,0,0,0,1
0,25,4,8,16,1,0,0,0,0,0,0,1
0,25,3,12,16,0,0,0,0,0,0,0,1
0,25,3,16,16,0,0,0,0,0,0,0,1
0,25,4,14,12,1,0,0,0,0,0,0,1
0,25,0,14,13,0,0,0,0,0,0,0,1
0,25,3,14,13,0,1,0,0,0,0,0,1
0,25,3,11,14,1,1,0,0,0,0,0,1
0,25,0,12,14,0,0,0,0,0,0,0,1
0,25,0,2,16,0,0,0,0,0,0,0,1
0,25,0,11,16,0,0,0,0,0,0,0,1
0,25,0,10,17,1,0,0,0,0,0,0,1
0,25,0,0,18,0,0,1,0,0,0,0,1
1,25,0,0,9,0,1,0,1,0,0,0,1
0,25,0,5,15,1,0,0,1,0,0,0,1
0,24,3,10,12,0,0,0,0,0,0,0,0
0,24,3,13,13,1,0,0,0,0,0,0,0
0,24,3,0,17,0,0,0,0,0,0,0,0
0,24,0,11,11,1,0,0,0,0,0,0,0
0,24,4,2,12,1,0,0,0,0,0,0,0
0,24,2,15,12,0,1,0,0,0,0,0,0
0,24,3,8,14,0,0,0,0,0,0,0,0
0,24,0,11,15,1,0,0,0,0,0,0,0
0,24,0,0,12,0,0,0,1,0,0,0,0
1,24,3,0,9,1,0,0,0,0,0,0,1
0,24,1,11,9,1,0,0,0,0,0,0,1
0,24,4,3,13,1,0,0,0,0,0,0,1
0,24,4,7,14,1,0,0,0,0,0,0,1
0,24,4,14,15,1,0,0,0,0,0,0,1
0,24,3,0,16,0,0,1,0,0,0,0,1
0,24,3,13,16,0,0,0,0,0,0,0,1
0,24,0,3,11,0,1,0,0,0,0,0,1
0,24,0,0,12,0,0,0,0,0,0,0,1
0,24,0,2,12,0,1,0,0,0,0,0,1
0,24,0,11,12,1,0,0,0,0,0,0,1
0,24,3,6,14,0,0,0,0,0,0,0,1
0,24,0,16,14,0,1,0,0,0,0,0,1
0,24,4,15,15,1,1,0,0,0,0,0,1
0,24,0,11,16,1,0,0,0,0,0,0,1
0,24,0,12.33,16,1,0,0,0,0,0,0,1
0,24,3,10,16,1,0,0,1,0,0,0,1
1,23,2,1,10,0,0,0,0,0,0,0,0
0,23,3,12.33,11,0,0,0,0,0,0,0,0
1,23,3,10,12,1,0,0,0,0,0,0,0
0,23,4,14,12,1,0,1,0,0,0,0,0
0,23,4,13,14,1,1,0,0,0,0,0,0
0,23,4,6,12,0,0,0,0,0,0,0,0
0,23,0,11,14,1,0,0,0,0,0,0,0
0,23,0,0,14,0,0,0,1,0,0,0,0
0,23,4,2,13,0,0,1,0,0,0,0,1
0,23,4,8,15,1,0,0,0,0,0,0,1
0,23,3,4,16,0,0,0,0,0,0,0,1
0,23,3,4,16,0,0,0,0,0,0,0,1
0,23,3,4,16,0,0,0,0,0,0,0,1
0,23,4,6,16,0,0,0,0,0,0,0,1
0,23,4,8,16,1,0,0,0,0,0,0,1
0,23,4,10,16,0,0,1,0,0,0,0,1
0,23,4,15,16,0,0,0,0,0,0,0,1
0,23,0,5,13,0,0,0,0,0,0,0,1
0,23,0,0,15,1,0,0,0,0,0,0,1
0,23,3,0,15,0,0,0,0,0,0,0,1
0,23,4,3,15,0,0,0,0,0,0,0,1
0,23,0,5,15,1,0,0,0,0,0,0,1
0,23,0,0,16,0,0,0,0,0,0,0,1
0,23,0,5,16,0,1,0,0,0,0,0,1
0,23,3,5,16,0,0,0,0,0,0,0,1
0,23,0,9,16,0,0,0,0,0,0,0,1
0,23,3,0,15,0,0,0,1,0,0,0,1
0,23,0,0,12,1,1,0,1,0,0,0,1
0,22,0,8,12,0,0,0,0,0,0,0,0
1,22,0,0,8,0,0,0,1,0,0,0,0
0,22,4,0,11,0,0,0,0,0,1,0,0
0,22,0,0,12,0,0,0,1,0,1,0,0
0,22,2,9,12,1,0,0,0,0,0,0,1
0,22,4,11,12,0,1,0,0,0,0,0,1
0,22,4,2,15,1,0,0,0,0,0,0,1
0,22,3,5,15,0,0,0,0,0,0,0,1
0,22,3,1,12,0,0,0,0,0,0,0,1
0,22,3,0,15,0,0,1,0,0,0,0,1
0,22,4,3,15,1,0,0,0,0,0,0,1
0,22,4,0,16,0,0,0,0,0,0,0,1
0,22,0,2,16,0,0,0,0,0,0,0,1
0,22,3,11,16,0,0,0,0,0,0,0,1
0,22,0,4,15,0,0,0,1,0,0,0,1
0,22,0,6,15,0,1,0,1,0,0,0,1
0,21,2,4,9,0,0,0,0,0,0,0,0
0,21,2,4,13,0,0,0,0,0,0,0,0
0,21,3,6,15,0,0,0,0,0,0,0,0
0,21,0,9,12,1,0,0,0,0,0,0,0
0,21,0,2,13,0,0,0,0,0,0,0,0
0,21,4,5,14,0,0,0,0,0,0,0,0
0,21,0,2,11,0,0,0,1,0,0,0,0
0,21,3,0,12,0,0,0,1,0,0,1,0
0,21,0,7,12,0,0,0,1,0,0,1,0
0,21,3,1,11,0,0,0,0,0,0,0,1
0,21,3,2,12,1,1,0,0,0,0,0,1
0,21,3,0,13,0,0,0,0,0,0,0,1
0,21,4,10,13,0,0,0,0,0,0,0,1
0,21,4,15,13,1,0,0,0,0,0,0,1
0,21,2,6,12,1,0,0,0,0,0,0,1
0,21,0,10,12,1,0,0,0,0,0,0,1
0,21,4,0,14,0,0,0,0,0,0,0,1
0,21,4,0,11,0,0,0,1,0,0,0,1
0,21,4,0,12,1,0,0,1,0,0,0,1
0,21,3,0,12,0,1,0,1,0,0,0,1
0,21,3,0,13,1,0,0,1,0,0,0,1
0,21,1,0,14,1,0,0,1,0,0,0,1
0,21,2,0,12,0,0,1,1,0,0,0,1
0,21,0,4,12,0,0,1,1,0,0,0,1
0,20,4,0,10,0,0,0,0,0,0,0,0
0,20,4,2,12,0,0,1,0,0,0,0,0
0,20,4,0,12,1,0,0,0,0,0,0,1
0,20,4,4,12,1,0,0,0,0,0,0,1
0,20,3,7,12,0,0,0,0,0,0,0,1
0,20,4,0,13,0,0,0,0,0,0,0,1
1,20,3,0,13,1,0,0,0,0,0,0,1
0,20,3,7,15,1,0,0,0,0,0,0,1
0,20,0,2,12,0,0,0,0,0,0,0,1
0,20,3,5,12,0,0,0,0,0,0,0,1
1,20,3,5,13,1,0,0,0,0,0,0,1
0,20,3,9,13,1,0,0,0,0,0,0,1
0,20,0,0,14,1,0,1,0,0,0,0,1
0,20,0,1,14,0,0,0,0,0,0,0,1
0,20,0,0,12,0,1,0,1,0,0,0,1
0,20,0,0,12,1,0,0,1,0,0,0,1
0,20,0,2,12,0,0,0,1,0,0,0,1
0,20,3,0,13,1,1,0,1,0,0,0,1
0,20,2,6,13,1,0,0,1,0,0,0,1
0,20,0,8,12,1,1,0,1,0,0,0,1
0,19,4,0,8,0,1,0,0,0,0,0,1
0,19,4,0,11,0,0,0,0,0,0,0,1
0,19,4,0,11,1,0,0,0,0,0,0,1
0,19,3,0,11,1,0,0,0,0,0,0,1
1,19,3,0,11,0,0,0,0,0,0,0,1
0,19,3,5,13,1,0,0,0,0,0,0,1
0,19,0,0,11,1,0,0,0,0,0,0,1
0,19,4,0,11,1,1,0,0,0,0,0,1
0,19,3,0,11,1,0,0,0,0,0,0,1
0,19,3,0,11,0,0,0,0,0,0,0,1
0,19,0,1,11,0,0,0,0,0,0,0,1
0,19,4,2,11,0,0,0,0,0,0,0,1
0,19,3,2,11,1,0,0,0,0,0,0,1
0,19,3,4,12,1,0,0,0,0,0,0,1
0,19,0,0,11,0,0,0,1,0,0,0,1
0,19,0,0,11,1,0,1,1,0,0,0,1
0,19,2,0,12,1,0,0,1,0,0,0,1
1,19,0,7,12,0,0,0,1,0,0,0,1
0,18,0,0,11,0,0,0,0,0,0,0,1
0,18,0,0,11,0,0,0,0,0,0,0,1
0,18,4,0,11,1,0,0,0,0,0,0,1
0,18,3,0,11,1,0,1,1,0,0,0,1
0,18,4,4,11,0,0,0,1,0,0,0,1
