YEAR,ID,HRS1,HRS2,EVWORK,MARITAL,SIBS,CHILDS,AGE,PAEDUC,MAEDUC,SPEDUC,WORKHARD,OTHLANG
1972,37,-1,-1,1,1,3,2,58,98,8,12,0,0
1972,135,-1,-1,1,1,0,2,34,97,12,10,0,0
1972,211,-1,-1,0,1,5,3,45,8,12,13,0,0
1972,259,-1,-1,0,2,3,2,47,8,14,97,0,0
1972,434,-1,-1,1,2,3,2,75,4,6,97,0,0
1972,515,-1,-1,1,1,99,1,26,8,12,14,0,0
1972,525,-1,-1,0,1,6,2,48,98,97,12,0,0
1972,635,-1,-1,1,1,7,3,65,97,8,8,0,0
1972,677,-1,-1,0,1,0,2,43,14,12,15,0,0
1972,721,-1,-1,0,1,2,3,46,8,8,12,0,0
1972,756,-1,-1,1,1,7,3,73,98,0,12,0,0
1972,849,-1,-1,0,1,2,2,29,18,16,16,0,0
1972,949,-1,-1,0,1,2,3,34,3,8,13,0,0
1972,955,-1,-1,0,5,5,0,19,97,16,97,0,0
1972,1007,-1,-1,2,1,5,3,33,10,10,12,0,0
1972,1054,-1,-1,1,4,3,0,58,98,98,97,0,0
1972,1164,-1,-1,2,1,1,2,30,13,14,18,0,0
1972,1198,-1,-1,1,1,7,0,34,98,98,12,0,0
1972,1311,-1,-1,1,3,3,2,49,97,99,97,0,0
1972,1400,-1,-1,0,2,4,1,64,97,97,97,0,0
1972,1435,-1,-1,0,1,7,8,42,4,4,8,0,0
1972,1499,-1,-1,1,2,7,1,56,12,0,97,0,0
1972,1535,-1,-1,0,1,7,4,59,0,0,16,0,0
1972,1570,-1,-1,0,1,1,4,38,8,8,11,0,0
1972,1571,-1,-1,0,4,1,2,42,98,8,97,0,0
1973,5,-1,-1,2,1,6,4,54,6,8,9,0,0
1973,10,40,-1,0,1,6,1,46,14,8,12,0,0
1973,92,65,-1,0,1,3,1,27,10,12,16,0,0
1973,295,-1,-1,1,1,1,2,50,12,14,16,0,0
1973,302,-1,-1,1,1,2,4,39,12,10,6,0,0
1973,367,40,-1,0,1,8,2,40,7,7,12,0,0
1973,399,19,-1,0,1,1,3,51,16,13,19,0,0
1973,422,28,-1,0,1,10,1,58,98,98,7,0,0
1973,547,40,-1,0,4,4,0,21,12,98,97,0,0
1973,584,-1,-1,1,2,0,2,74,14,12,97,0,0
1973,677,-1,-1,2,1,10,3,73,3,3,8,0,0
1973,700,40,-1,0,1,4,6,67,97,3,10,0,0
1973,780,-1,-1,1,4,9,8,42,97,97,97,0,0
1973,874,-1,-1,1,1,13,3,77,98,98,11,0,0
1973,996,20,-1,0,1,1,0,25,12,12,14,0,0
1973,1055,40,-1,0,1,6,2,65,97,8,13,0,0
1973,1073,40,-1,0,1,2,2,51,16,14,13,0,0
1973,1134,55,-1,0,1,4,2,35,8,10,12,0,0
1973,1165,-1,-1,2,1,1,3,43,12,12,20,0,0
1973,1174,40,-1,0,4,1,7,54,6,0,97,0,0
1973,1201,-1,-1,1,1,4,3,46,12,8,13,0,0
1973,1215,-1,-1,1,1,6,1,60,0,0,8,0,0
1973,1277,37,-1,0,1,4,6,49,8,8,3,0,0
1973,1299,-1,30,0,1,8,4,52,12,12,12,0,0
1973,1325,-1,-1,1,3,7,0,64,8,97,97,0,0
1973,1328,48,-1,0,1,4,3,34,8,12,16,0,0
1973,1400,40,-1,0,1,11,1,23,10,10,12,0,0
1973,1419,40,-1,0,4,8,3,37,4,10,97,0,0
1973,1431,-1,-1,1,1,4,1,34,13,13,15,0,0
1973,1433,35,-1,0,1,8,2,36,5,97,12,0,0
1973,1464,40,-1,0,1,7,2,25,4,4,4,0,0
1973,1484,-1,-1,1,1,6,5,26,0,0,11,0,0
1974,31,50,-1,0,1,10,2,51,0,10,12,0,0
1974,105,40,-1,0,3,8,1,34,3,11,97,0,0
1974,158,46,-1,0,1,8,6,51,97,5,13,0,0
1974,235,40,-1,0,1,7,4,34,10,12,12,0,0
1974,241,20,-1,0,1,4,0,23,8,10,13,0,0
1974,252,50,-1,0,1,3,1,36,97,12,14,0,0
1974,296,40,-1,0,1,0,1,42,12,12,14,0,0
1974,403,40,-1,0,1,8,8,37,98,15,11,0,0
1974,499,40,-1,0,1,1,1,23,8,9,14,0,0
1974,531,-1,-1,1,1,2,1,72,11,8,8,0,0
1974,532,-1,-1,1,2,1,5,38,14,12,97,0,0
1974,574,34,-1,0,1,4,1,56,5,8,16,0,0
1974,617,-1,-1,0,5,3,0,22,11,12,97,0,0
1974,669,40,-1,0,5,9,0,21,12,12,97,0,0
1974,737,-1,-1,0,3,7,0,31,97,6,97,0,0
1974,767,-1,-1,1,2,4,3,72,98,98,97,0,0
1974,813,-1,-1,2,1,7,4,52,98,98,9,0,0
1974,931,-1,-1,1,1,3,2,54,97,0,9,0,0
1974,965,48,-1,0,1,2,3,31,98,8,11,0,0
1974,1001,-1,40,0,1,12,7,50,0,8,12,0,0
1974,1173,13,-1,0,1,4,5,42,4,5,12,0,0
1974,1177,-1,-1,1,1,10,2,51,97,6,8,0,0
1974,1178,-1,-1,1,1,3,2,44,12,8,8,0,0
1974,1420,-1,-1,0,5,4,0,27,6,11,97,0,0
1974,1484,40,-1,0,5,5,1,23,8,8,97,0,0
1975,29,35,-1,0,1,0,3,37,20,16,12,0,0
1975,126,42,-1,0,5,3,0,25,8,10,97,0,0
1975,167,-1,-1,1,3,11,1,64,98,98,97,0,0
1975,382,-1,-1,2,1,12,6,41,1,5,4,0,0
1975,397,-1,-1,1,1,2,2,55,98,98,11,0,0
1975,421,-1,-1,1,1,3,3,70,8,8,12,0,0
1975,492,25,-1,0,5,2,0,19,12,12,97,0,0
1975,551,46,-1,0,1,3,2,40,5,8,12,0,0
1975,625,-1,-1,1,1,9,1,19,8,12,12,0,0
1975,683,89,-1,0,1,1,2,34,5,8,15,0,0
1975,730,-1,-1,1,1,7,4,66,17,12,13,0,0
1975,1017,40,-1,0,1,0,2,28,97,11,10,0,0
1975,1044,-1,-1,1,4,6,2,38,12,12,97,0,0
1975,1049,-1,-1,1,1,3,2,51,10,8,12,0,0
1975,1080,40,-1,0,1,0,3,33,97,12,12,0,0
1975,1150,-1,-1,0,1,0,0,27,14,12,12,0,0
1975,1185,-1,-1,0,5,4,0,19,8,11,97,0,0
1975,1211,26,-1,0,1,2,4,67,6,5,12,0,0
1975,1226,30,-1,0,1,2,2,51,98,98,13,0,0
1975,1267,40,-1,0,5,1,0,22,12,12,97,0,0
1975,1412,24,-1,0,1,1,1,32,9,16,17,0,0
1975,1510,-1,-1,0,3,3,0,33,98,98,97,0,0
1975,1629,-1,-1,1,1,4,4,70,13,12,12,0,0
1975,1701,-1,-1,1,1,5,1,30,16,14,12,0,0
1975,1734,35,-1,0,1,5,5,47,98,97,3,0,0
1976,5,30,-1,0,1,5,3,32,20,10,12,0,0
1976,39,55,-1,0,1,2,0,26,12,16,12,0,0
1976,221,45,-1,0,2,4,2,45,12,12,97,0,0
1976,228,40,-1,0,1,5,0,27,11,11,11,0,0
1976,309,-1,-1,1,1,4,2,62,98,98,8,0,0
1976,405,-1,-1,1,5,14,0,19,97,12,97,0,0
1976,408,24,-1,0,5,7,0,19,7,98,97,0,0
1976,425,40,-1,0,2,5,1,58,8,8,97,0,0
1976,456,-1,-1,1,1,7,0,47,98,98,9,0,0
1976,519,32,-1,0,1,1,2,33,12,12,13,0,0
1976,520,-1,-1,1,1,3,1,70,10,10,98,0,0
1976,593,-1,-1,1,3,2,1,29,12,8,97,0,0
1976,610,-1,-1,1,1,7,3,62,8,8,4,0,0
1976,636,-1,-1,1,1,6,3,36,98,98,12,0,0
1976,654,-1,-1,0,3,3,2,59,98,98,97,0,0
1976,732,40,-1,0,2,4,2,60,14,11,97,0,0
1976,1157,48,-1,0,1,4,4,36,98,98,12,0,0
1976,1193,-1,-1,0,4,6,3,31,97,8,97,0,0
1976,1235,38,-1,0,1,5,0,20,10,8,10,0,0
1976,1276,48,-1,0,3,5,0,62,8,7,97,0,0
1976,1435,-1,-1,2,1,5,3,29,12,11,10,0,0
1976,1445,20,-1,0,1,7,2,77,98,98,8,0,0
1976,1456,10,-1,0,1,5,2,72,8,8,13,0,0
1976,1463,-1,-1,1,2,5,5,81,12,8,97,0,0
1976,1512,40,-1,0,1,5,4,65,98,98,12,0,0
1976,1537,-1,-1,0,1,1,3,47,16,12,14,0,0
1976,1562,40,-1,0,2,3,2,61,7,7,97,0,0
1976,1588,-1,-1,2,4,3,1,25,12,10,97,0,0
1976,1635,40,-1,0,1,2,1,26,12,8,15,0,0
1976,1676,-1,-1,0,5,2,0,20,13,12,97,0,0
1976,1710,15,-1,0,1,6,3,33,98,11,10,0,0
1977,15,48,-1,0,5,2,9,23,10,11,97,0,0
1977,98,35,-1,0,1,4,1,63,12,98,7,0,0
1977,142,40,-1,0,5,3,0,27,98,98,97,0,0
1977,150,-1,-1,1,1,4,0,30,8,10,12,0,0
1977,174,-1,60,0,5,5,0,59,8,8,97,0,0
1977,229,-1,-1,1,2,12,1,65,6,8,97,0,0
1977,361,39,-1,0,1,8,0,36,9,11,12,0,0
1977,484,49,-1,0,1,6,0,20,97,98,10,0,0
1977,503,40,-1,0,5,1,0,24,10,16,97,0,0
1977,525,-1,-1,1,2,5,2,78,15,15,97,0,0
1977,571,50,-1,0,1,6,2,22,98,12,12,0,0
1977,673,-1,-1,1,1,4,3,59,6,15,12,0,0
1977,677,40,-1,0,2,11,3,62,8,8,97,0,0
1977,743,-1,-1,0,3,3,2,58,6,6,97,0,0
1977,754,40,-1,0,5,3,0,29,12,12,97,0,0
1977,758,10,-1,0,1,3,2,34,11,10,20,0,0
1977,807,40,-1,0,4,1,2,35,12,12,97,0,0
1977,938,50,-1,0,1,1,2,34,16,16,12,0,0
1977,959,40,-1,0,1,2,2,37,97,8,16,0,0
1977,968,40,-1,0,1,6,2,37,8,8,98,0,0
1977,990,46,-1,0,3,6,3,32,9,9,97,0,0
1977,1000,30,-1,0,5,2,0,28,20,16,97,0,0
1977,1044,40,-1,0,1,5,0,26,97,10,13,0,0
1977,1101,-1,-1,1,1,1,1,54,4,4,11,0,0
1977,1133,50,-1,0,1,3,0,24,98,12,12,0,0
1977,1160,39,-1,0,2,3,4,57,12,9,97,0,0
1977,1176,40,-1,0,5,5,0,23,98,98,97,0,0
1977,1224,46,-1,0,1,3,2,34,12,12,12,0,0
1977,1380,16,-1,0,1,14,3,43,98,98,3,0,0
1977,1385,41,-1,0,5,2,0,22,13,12,97,0,0
1977,1397,40,-1,0,1,2,7,63,12,8,18,0,0
1977,1415,20,-1,0,1,3,2,33,12,12,14,0,0
1977,1513,-1,40,0,4,7,7,52,0,0,97,0,0
1978,107,46,-1,0,1,1,2,49,97,6,16,0,0
1978,152,40,-1,0,1,3,1,60,6,6,12,0,0
1978,169,-1,-1,1,1,8,0,81,97,8,8,0,0
1978,239,40,-1,0,1,0,4,51,14,12,13,0,0
1978,287,44,-1,0,1,3,2,38,97,10,10,0,0
1978,470,-1,-1,1,2,8,3,65,8,12,97,0,0
1978,531,40,-1,0,5,2,0,25,17,12,97,0,0
1978,539,-1,-1,1,2,7,4,77,98,98,97,0,0
1978,639,-1,-1,1,2,4,2,76,97,98,97,0,0
1978,686,-1,-1,1,2,10,2,79,8,10,97,0,0
1978,719,45,-1,0,1,2,2,29,12,12,12,0,0
1978,730,42,-1,0,4,3,1,24,12,10,97,0,0
1978,851,40,-1,0,1,3,0,27,12,12,14,0,0
1978,941,45,-1,0,1,5,0,63,8,8,12,0,0
1978,955,-1,-1,1,2,2,0,75,16,12,97,0,0
1978,1041,40,-1,0,1,2,3,32,6,98,12,0,0
1978,1042,-1,-1,1,1,4,1,22,11,11,12,0,0
1978,1107,8,-1,0,1,2,2,31,12,12,15,0,0
1978,1110,-1,-1,1,1,2,3,62,98,98,8,0,0
1978,1135,-1,-1,2,1,5,2,24,6,0,11,0,0
1978,1169,-1,-1,1,1,3,1,20,8,11,11,0,0
1978,1287,41,-1,0,1,1,0,45,9,8,12,0,0
1978,1311,-1,-1,1,1,2,4,65,6,6,9,0,0
1978,1356,-1,-1,1,1,2,4,58,98,10,16,0,0
1980,11,-1,-1,1,1,3,1,74,98,12,8,0,0
1980,189,-1,-1,1,1,11,8,59,6,4,12,0,0
1980,227,-1,-1,1,2,6,2,67,2,8,97,0,0
1980,479,-1,40,0,1,3,2,58,2,3,12,0,0
1980,578,-1,-1,2,1,11,5,72,97,98,6,0,0
1980,631,41,-1,0,5,2,0,20,17,12,97,0,0
1980,679,-1,-1,1,2,2,3,74,8,8,97,0,0
1980,737,35,-1,0,1,2,0,36,11,11,14,0,0
1980,807,20,-1,0,5,1,0,23,16,12,97,0,0
1980,835,-1,-1,1,2,4,3,75,8,8,97,0,0
1980,871,-1,-1,0,1,9,1,20,9,8,11,0,0
1980,922,30,-1,0,3,13,3,32,97,10,97,0,0
1980,931,40,-1,0,5,8,1,19,97,12,97,0,0
1980,945,40,-1,0,1,1,2,22,14,12,12,0,0
1980,1016,44,-1,0,3,2,0,52,98,0,97,0,0
1980,1048,40,-1,0,1,1,2,60,7,7,10,0,0
1980,1052,28,-1,0,1,12,0,30,15,10,16,0,0
1980,1088,-1,-1,2,2,6,2,88,0,14,97,0,0
1980,1120,40,-1,0,5,4,0,23,16,12,97,0,0
1980,1160,-1,-1,1,2,8,0,83,98,98,97,0,0
1980,1331,45,-1,0,1,7,3,31,3,1,5,0,0
1980,1448,40,-1,0,1,8,4,39,98,98,9,0,0
1982,127,45,-1,0,5,1,0,33,98,8,97,0,0
1982,141,40,-1,0,1,6,3,45,8,8,12,0,0
1982,223,24,-1,0,1,2,0,26,9,14,12,0,0
1982,260,45,-1,0,5,1,0,19,14,12,97,0,0
1982,264,-1,-1,1,2,9,0,63,97,7,97,0,0
1982,454,-1,20,0,5,7,0,25,98,98,97,0,0
1982,481,-1,-1,1,1,3,3,87,97,97,1,0,0
1982,563,-1,-1,1,1,4,5,67,8,8,12,0,0
1982,662,-1,-1,1,2,6,6,80,8,8,97,0,0
1982,878,-1,-1,1,1,2,2,35,12,8,16,0,0
1982,1111,-1,-1,1,1,0,2,58,8,8,13,0,0
1982,1136,48,-1,0,1,4,1,28,97,6,12,0,0
1982,1216,15,-1,0,5,4,0,22,10,12,97,0,0
1982,1228,40,-1,0,1,4,4,56,8,8,14,0,0
1982,1334,-1,-1,2,2,15,8,65,97,98,97,0,0
1982,1372,-1,-1,2,2,6,6,74,98,98,97,0,0
1982,1450,-1,-1,2,3,6,2,56,98,98,97,0,0
1982,2042,-1,-1,1,2,1,3,59,6,5,97,0,0
1982,3042,-1,-1,1,3,8,4,43,98,98,97,0,0
1982,3056,-1,-1,1,3,11,1,60,97,8,97,0,0
1982,3074,35,-1,0,1,10,2,34,98,12,14,0,0
1982,3097,-1,-1,2,5,10,1,26,4,3,97,0,0
1982,3101,42,-1,0,1,6,3,40,3,12,12,0,0
1982,3168,-1,-1,1,3,0,2,41,98,98,97,0,0
1982,3211,-1,-1,0,1,1,1,27,97,12,12,0,0
1982,3217,-1,-1,1,1,0,2,63,98,98,12,0,0
1983,22,-1,-1,1,1,1,5,37,12,12,14,0,0
1983,32,35,-1,0,1,2,1,66,8,0,14,0,0
1983,87,-1,-1,1,5,1,1,26,12,13,97,0,0
1983,138,-1,-1,1,1,2,0,22,12,4,12,0,0
1983,203,65,-1,0,3,5,2,33,12,12,97,0,0
1983,220,-1,-1,0,5,4,0,24,12,12,97,0,0
1983,603,-1,-1,1,2,11,5,62,9,8,97,0,0
1983,611,-1,-1,1,1,20,0,68,9,9,98,0,0
1983,631,-1,-1,1,1,4,2,62,10,10,14,0,0
1983,727,8,-1,0,5,8,0,29,97,98,97,0,0
1983,840,40,-1,0,1,1,2,57,4,12,15,0,0
1983,868,32,-1,0,1,1,2,43,14,16,18,0,0
1983,909,-1,-1,1,3,17,3,39,0,2,97,0,0
1983,1061,-1,-1,1,1,0,8,71,3,3,5,0,0
1983,1116,40,-1,0,1,4,0,26,18,16,16,0,0
1983,1130,20,-1,0,3,4,4,53,6,7,97,0,0
1983,1341,40,-1,0,1,3,3,48,12,8,16,0,0
1983,1521,35,-1,0,5,2,0,19,14,12,97,0,0
1984,73,50,-1,0,3,3,0,28,12,19,97,0,0
1984,77,50,-1,0,1,4,1,27,11,12,13,0,0
1984,190,18,-1,0,1,2,2,60,8,12,16,0,0
1984,242,45,-1,0,3,11,1,47,11,9,97,0,0
1984,300,50,-1,0,1,2,2,60,14,14,12,0,0
1984,401,-1,-1,2,4,9,7,29,8,14,97,0,0
1984,450,40,-1,0,2,1,1,47,97,10,97,0,0
1984,680,-1,-1,1,1,0,2,59,98,98,16,0,0
1984,684,-1,-1,2,1,0,5,52,97,16,20,0,0
1984,783,40,-1,0,3,7,5,43,5,3,97,0,0
1984,800,-1,-1,1,2,7,8,68,11,12,97,0,0
1984,817,40,-1,0,1,3,0,40,6,6,12,0,0
1984,879,40,-1,0,1,7,0,25,20,14,14,0,0
1984,955,-1,-1,1,2,5,3,66,4,12,97,0,0
1984,1008,50,-1,0,3,1,2,34,14,12,97,0,0
1984,1049,56,-1,0,3,10,0,39,13,12,97,0,0
1984,1223,-1,-1,1,3,12,2,34,8,12,97,0,0
1984,1330,-1,-1,1,1,4,0,28,16,15,19,0,0
1984,1382,-1,-1,1,1,6,3,30,12,4,10,0,0
1984,1444,-1,-1,0,1,2,1,52,8,12,12,0,0
1985,21,-1,-1,1,1,4,2,28,9,11,12,0,0
1985,102,-1,-1,1,1,3,3,83,20,16,14,0,0
1985,109,45,-1,0,3,1,2,51,6,8,97,0,0
1985,145,40,-1,0,1,16,3,49,8,3,12,0,0
1985,189,-1,-1,1,1,2,2,27,12,10,12,0,0
1985,265,40,-1,0,5,4,0,28,12,12,97,0,0
1985,343,9,-1,0,5,1,0,62,8,14,97,0,0
1985,401,-1,-1,1,5,1,0,23,16,14,97,0,0
1985,473,20,-1,0,3,6,0,26,7,9,97,0,0
1985,601,47,-1,0,5,2,0,20,12,13,97,0,0
1985,672,-1,-1,1,5,3,1,21,12,12,97,0,0
1985,677,-1,-1,1,1,12,4,66,6,8,10,0,0
1985,687,60,-1,0,1,2,0,27,13,10,14,0,0
1985,701,40,-1,0,3,5,0,42,10,12,97,0,0
1985,703,42,-1,0,3,3,4,51,97,12,97,0,0
1985,717,42,-1,0,4,9,2,30,10,12,97,0,0
1985,840,37,-1,0,5,3,0,24,12,10,97,0,0
1985,868,40,-1,0,1,8,2,53,6,10,11,0,0
1985,905,40,-1,0,5,2,0,26,12,12,97,0,0
1985,920,-1,-1,1,2,4,0,74,12,8,97,0,0
1985,1077,40,-1,0,5,5,0,19,97,13,97,0,0
1985,1237,40,-1,0,1,6,4,35,8,8,14,0,0
1985,1309,-1,-1,2,1,2,1,52,4,5,6,0,0
1986,134,55,-1,0,1,3,3,43,14,12,14,1,0
1986,184,38,-1,0,1,2,0,37,12,12,13,0,0
1986,235,-1,-1,2,1,4,4,75,8,98,13,0,0
1986,277,35,-1,0,1,1,1,53,97,98,16,2,0
1986,321,-1,24,0,1,0,3,62,8,8,16,0,0
1986,399,-1,-1,1,2,1,5,64,13,12,97,4,0
1986,454,-1,-1,1,1,0,2,35,16,16,16,0,0
1986,555,48,-1,0,3,5,1,56,98,8,97,0,0
1986,572,40,-1,0,1,3,0,36,20,8,15,3,0
1986,594,-1,-1,1,2,3,1,85,97,98,97,4,0
1986,974,-1,-1,0,1,1,3,44,8,12,13,4,0
1986,982,35,-1,0,1,2,4,51,97,14,18,1,0
1986,984,30,-1,0,5,2,1,28,16,16,97,5,0
1986,1140,35,-1,0,1,6,1,25,8,12,12,4,0
1986,1144,38,-1,0,3,3,2,60,98,12,97,0,0
1986,1238,-1,-1,1,1,6,0,81,8,8,14,0,0
1986,1239,-1,-1,1,1,8,0,65,98,98,12,0,0
1986,1283,-1,-1,1,2,8,7,65,98,6,97,0,0
1986,1292,-1,-1,2,5,12,3,30,97,12,97,1,0
1986,1326,85,-1,0,1,1,2,25,16,12,12,0,0
1986,1336,50,-1,0,3,7,2,42,8,7,97,3,0
1986,1371,-1,-1,2,1,1,3,32,12,12,8,3,0
1986,1395,-1,-1,1,1,0,2,34,98,98,10,0,0
1986,1418,30,-1,0,2,1,1,35,14,98,97,0,0
1987,77,40,-1,0,1,5,4,56,8,13,8,3,0
1987,286,-1,-1,1,5,1,2,24,97,12,97,3,0
1987,305,-1,-1,1,1,2,4,69,6,0,12,3,0
1987,308,48,-1,0,3,0,0,34,16,10,97,2,0
1987,416,16,-1,0,1,3,2,34,20,16,16,3,0
1987,428,12,-1,0,5,3,0,59,8,8,97,2,0
1987,433,55,-1,0,1,3,4,54,11,12,12,1,0
1987,469,-1,-1,1,2,4,4,66,4,4,97,3,0
1987,528,-1,-1,1,2,4,0,79,8,8,97,2,0
1987,673,40,-1,0,1,1,0,19,11,12,15,3,0
1987,753,48,-1,0,1,12,2,52,97,9,14,3,0
1987,774,-1,-1,1,1,2,3,63,8,12,13,3,0
1987,874,-1,-1,1,2,2,2,67,97,98,97,3,0
1987,984,-1,-1,1,3,9,2,71,12,9,97,2,0
1987,1014,-1,-1,1,1,0,3,65,12,12,10,2,0
1987,1129,53,-1,0,1,4,2,33,12,16,16,3,0
1987,1134,-1,-1,1,1,5,7,51,8,6,8,4,0
1987,1338,30,-1,0,1,4,1,42,7,6,10,3,0
1987,1409,35,-1,0,1,5,4,46,5,5,14,4,0
1987,1419,-1,-1,1,1,1,2,72,16,16,12,2,0
1987,2132,40,-1,0,1,9,2,43,9,12,16,2,0
1987,2142,40,-1,0,5,1,1,27,97,12,97,3,0
1987,2160,40,-1,0,2,9,2,45,10,10,97,4,0
1987,2174,-1,-1,1,2,7,0,69,12,98,97,4,0
1987,2208,25,-1,0,2,6,3,34,7,7,97,3,0
1987,2285,40,-1,0,5,3,0,23,97,12,97,3,0
1987,2321,-1,-1,1,2,6,7,89,98,98,97,9,0
1987,2336,-1,-1,1,2,5,1,86,97,0,97,2,0
1987,2343,-1,-1,1,5,10,1,45,97,97,97,3,0
1988,59,40,-1,0,5,0,0,41,8,12,97,3,0
1988,70,-1,-1,0,1,6,0,29,12,12,14,0,0
1988,96,46,-1,0,1,1,0,28,18,14,16,3,0
1988,148,-1,-1,1,2,4,3,59,11,11,97,2,0
1988,311,-1,-1,1,5,3,0,77,8,8,97,0,0
1988,396,40,-1,0,3,1,0,30,12,12,97,4,0
1988,501,45,-1,0,3,6,5,40,12,12,97,3,0
1988,545,30,-1,0,1,2,1,36,12,12,13,0,0
1988,632,50,-1,0,1,9,2,40,3,0,12,3,0
1988,645,40,-1,0,3,6,0,55,12,98,97,1,0
1988,665,65,-1,0,1,3,1,36,16,16,16,4,0
1988,754,-1,-1,1,2,1,2,71,8,9,97,3,0
1988,1039,40,-1,0,5,9,0,33,6,12,97,0,0
1988,1153,55,-1,0,1,2,3,38,97,12,20,0,0
1988,1193,-1,-1,1,1,2,6,83,16,8,12,3,0
1988,1208,-1,-1,1,1,4,4,76,98,98,8,1,0
1988,1308,20,-1,0,1,3,1,25,12,8,12,2,0
1988,1325,40,-1,0,1,4,2,25,0,4,12,1,0
1988,1389,50,-1,0,1,3,1,19,12,11,12,0,0
1988,1445,40,-1,0,4,16,4,46,10,6,97,0,0
1989,20,40,-1,0,3,1,2,42,12,12,97,2,0
1989,152,-1,-1,1,1,1,2,60,4,8,11,9,0
1989,163,-1,-1,1,3,7,0,44,12,10,97,2,0
1989,217,-1,-1,1,5,0,8,41,5,5,97,0,0
1989,328,40,-1,0,5,6,0,27,97,12,97,0,0
1989,438,23,-1,0,5,4,1,50,12,12,97,3,0
1989,517,60,-1,0,5,8,0,25,15,15,97,2,0
1989,518,42,-1,0,5,6,0,31,14,15,97,3,0
1989,674,40,-1,0,4,10,3,60,3,6,97,4,0
1989,738,20,-1,0,1,1,2,33,3,12,12,3,0
1989,802,39,-1,0,4,8,6,40,2,4,97,0,0
1989,980,-1,-1,1,3,1,0,73,98,16,97,0,0
1989,1052,50,-1,0,3,2,1,41,20,12,97,0,0
1989,1092,-1,-1,2,1,3,5,26,12,10,12,3,0
1989,1224,-1,-1,1,1,5,1,58,6,8,16,3,0
1989,1249,-1,-1,1,1,5,3,50,97,12,13,3,0
1989,1371,-1,-1,1,1,4,0,50,12,12,16,0,0
1989,1507,21,-1,0,1,7,1,30,8,8,12,0,0
1989,1534,40,-1,0,3,2,1,26,8,97,97,0,0
1990,4,45,-1,0,5,1,0,39,98,12,97,0,0
1990,16,-1,-1,1,5,13,2,28,12,13,97,3,0
1990,20,35,-1,0,1,1,2,50,12,12,13,2,0
1990,116,48,-1,0,1,12,2,29,97,6,98,4,0
1990,180,-1,-1,1,1,4,0,79,98,98,98,0,0
1990,193,-1,-1,0,1,5,3,50,97,3,12,5,0
1990,269,40,-1,0,5,1,0,28,16,14,97,2,0
1990,398,40,-1,0,4,2,5,41,4,4,97,3,0
1990,450,20,-1,0,3,0,4,67,8,8,97,2,0
1990,691,82,-1,0,3,2,1,40,12,14,97,9,0
1990,767,40,-1,0,2,4,5,63,7,5,97,0,0
1990,888,-1,-1,1,1,1,2,34,14,14,15,4,0
1990,907,-1,-1,1,1,4,0,39,14,12,12,3,0
1990,1002,40,-1,0,1,4,1,32,98,97,12,2,0
1990,1052,25,-1,0,1,5,2,29,12,12,12,3,0
1990,1062,16,-1,0,5,4,0,32,12,12,97,0,0
1990,1077,50,-1,0,5,2,0,27,14,16,97,0,0
1990,1152,-1,-1,0,1,7,0,45,8,8,14,3,0
1990,1161,40,-1,0,1,1,3,50,12,12,16,3,0
1990,1308,-1,-1,1,2,12,6,64,98,98,97,1,0
1991,97,40,-1,0,1,4,3,38,12,2,16,5,0
1991,235,-1,-1,1,5,6,4,68,8,8,97,3,0
1991,261,50,-1,0,1,3,0,53,7,12,16,1,0
1991,322,-1,-1,1,2,4,2,74,8,8,97,1,0
1991,336,-1,-1,2,1,9,0,74,8,12,8,2,0
1991,372,-1,-1,1,5,3,0,72,98,12,97,3,0
1991,425,-1,-1,1,4,5,3,31,14,14,97,0,0
1991,656,42,-1,0,4,2,2,30,12,12,97,1,0
1991,663,30,-1,0,1,2,4,52,97,12,9,0,0
1991,676,50,-1,0,1,0,2,47,97,15,16,1,0
1991,855,-1,-1,1,3,2,1,42,12,9,97,0,0
1991,953,-1,-1,1,1,9,3,49,9,9,16,0,0
1991,982,-1,-1,1,1,3,2,82,97,8,13,0,0
1991,1040,-1,-1,2,1,5,2,28,3,5,11,2,0
1991,1114,-1,-1,1,1,6,5,81,97,98,8,4,0
1991,1198,65,-1,0,1,4,3,53,6,8,12,4,0
1991,1316,40,-1,0,1,1,2,41,15,12,15,2,0
1991,1319,32,-1,0,3,5,2,32,8,8,97,0,0
1991,1377,18,-1,0,1,7,3,30,98,98,12,2,0
1991,1400,39,-1,0,1,1,2,32,12,12,17,4,0
1991,1441,50,-1,0,1,1,0,43,97,14,20,3,0
1991,1482,-1,-1,1,2,2,3,82,97,98,97,0,0
1991,1512,40,-1,0,1,6,0,35,10,12,12,0,0
1993,282,40,-1,0,1,8,2,41,97,98,15,0,0
1993,407,-1,-1,2,5,5,1,19,97,8,97,0,0
1993,410,35,-1,0,1,99,3,53,8,12,15,4,0
1993,463,-1,-1,1,3,5,4,72,98,98,97,3,0
1993,482,60,-1,0,5,1,0,46,12,8,97,0,0
1993,484,36,-1,0,5,1,0,36,20,16,97,0,0
1993,497,-1,-1,1,1,6,1,61,8,8,8,0,0
1993,544,-1,-1,1,1,12,3,30,0,7,11,3,0
1993,576,-1,-1,1,1,1,3,70,12,12,12,2,0
1993,633,-1,-1,1,2,7,2,81,5,98,97,0,0
1993,648,36,-1,0,3,9,2,47,98,98,97,0,0
1993,889,-1,-1,2,3,2,4,54,99,11,97,0,0
1993,904,40,-1,0,5,3,0,28,12,12,97,1,0
1993,1026,32,-1,0,1,2,1,27,18,16,16,3,0
1993,1031,55,-1,0,1,2,1,28,12,14,12,3,0
1993,1050,32,-1,0,4,7,5,44,97,3,97,4,0
1993,1081,45,-1,0,1,9,1,40,98,12,12,3,0
1993,1101,40,-1,0,1,6,2,35,12,12,13,2,0
1993,1103,43,-1,0,1,3,2,36,14,14,12,3,0
1993,1121,-1,-1,0,1,8,0,27,6,12,12,2,0
1993,1200,45,-1,0,1,4,2,34,12,12,18,0,0
1993,1250,48,-1,0,1,0,2,36,3,7,12,3,0
1993,1286,50,-1,0,1,3,1,23,16,16,13,0,0
1993,1324,-1,-1,1,1,4,0,78,8,97,11,2,0
1993,1343,-1,-1,1,2,6,9,72,0,0,97,0,0
1993,1541,48,-1,0,3,0,0,30,9,12,97,3,0
1993,1597,-1,-1,1,1,1,2,31,20,14,16,3,0
1994,208,40,-1,0,3,6,1,40,14,11,97,0,0
1994,320,62,-1,0,5,3,0,52,8,8,97,2,0
1994,337,-1,-1,0,5,0,3,34,97,12,97,1,0
1994,437,-1,50,0,3,1,5,53,97,12,97,1,0
1994,507,37,-1,0,4,2,1,35,18,5,97,2,0
1994,586,24,-1,0,1,1,0,44,12,12,10,0,0
1994,617,32,-1,0,1,9,5,53,97,15,14,0,0
1994,627,24,-1,0,5,0,0,20,97,15,97,4,0
1994,648,-1,40,0,3,6,1,60,3,3,97,0,0
1994,677,50,-1,0,1,5,0,44,12,13,18,3,0
1994,749,-1,-1,1,2,4,2,69,20,14,97,9,0
1994,777,-1,-1,0,3,2,0,47,16,12,97,0,0
1994,818,40,-1,0,3,5,1,25,12,12,97,2,0
1994,840,-1,-1,1,1,3,2,31,97,14,12,3,0
1994,850,40,-1,0,1,3,1,37,12,12,12,2,0
1994,864,40,-1,0,5,6,2,32,97,12,97,2,0
1994,1006,12,-1,0,1,4,2,27,12,11,14,4,0
1994,1013,63,-1,0,3,6,1,38,11,98,97,1,0
1994,1257,-1,-1,1,1,5,2,60,98,98,13,4,0
1994,1268,-1,-1,1,1,3,5,60,8,8,12,2,0
1994,1275,89,-1,0,1,99,3,49,8,12,12,1,0
1994,1328,-1,-1,2,2,2,3,65,7,98,97,2,0
1994,1335,20,-1,0,2,4,2,69,8,8,97,2,0
1994,1363,40,-1,0,3,1,0,47,12,12,97,2,0
1994,1415,40,-1,0,3,2,1,47,8,9,97,0,0
1994,1424,-1,-1,1,1,10,4,61,98,0,12,0,0
1994,1438,-1,-1,1,1,1,1,69,12,12,16,1,0
1994,1534,-1,-1,1,1,9,3,74,98,98,9,3,0
1994,1551,32,-1,0,1,3,2,43,9,10,14,3,0
1994,1741,-1,-1,1,4,1,2,68,97,2,97,0,0
1994,1879,40,-1,0,1,5,4,42,98,14,11,2,0
1994,1882,-1,-1,1,4,8,3,39,5,10,97,0,0
1994,1987,30,-1,0,5,3,1,34,97,12,97,0,0
1994,2108,53,-1,0,5,1,0,28,17,12,97,0,0
1994,2119,44,-1,0,5,2,0,23,97,12,97,1,0
1994,2159,40,-1,0,5,2,0,50,16,13,97,0,0
1994,2180,40,-1,0,1,4,2,30,12,16,12,2,0
1994,2235,40,-1,0,1,2,0,32,97,14,13,3,0
1994,2289,-1,-1,1,2,1,0,77,12,8,97,3,0
1994,2314,40,-1,0,5,4,0,34,97,98,97,4,0
1994,2346,50,-1,0,5,2,0,26,12,12,97,0,0
1994,2596,38,-1,0,1,4,1,29,12,12,12,3,0
1994,2624,45,-1,0,1,5,2,57,8,12,14,2,0
1994,2646,-1,-1,1,2,2,1,71,8,11,97,2,0
1994,2678,45,-1,0,3,3,2,48,98,8,97,2,0
1994,2679,15,-1,0,1,5,3,31,7,10,16,0,0
1994,2798,40,-1,0,1,2,2,52,7,98,12,0,0
1994,2860,40,-1,0,5,7,3,52,7,5,97,0,0
1994,2872,40,-1,0,1,5,3,51,3,0,19,0,0
1994,2889,45,-1,0,3,6,0,34,97,12,97,0,0
1994,2895,22,-1,0,5,6,0,22,14,12,97,4,0
1994,2916,32,-1,0,2,0,8,59,98,98,97,0,0
1996,50,20,-1,0,3,3,1,42,97,9,97,0,0
1996,63,45,-1,0,1,10,3,33,12,12,14,3,0
1996,65,40,-1,0,3,5,2,49,12,0,97,3,0
1996,125,40,-1,0,1,2,2,49,12,12,12,0,0
1996,142,40,-1,0,5,2,1,32,18,98,97,4,0
1996,308,-1,-1,1,3,1,4,53,8,14,97,2,0
1996,355,-1,-1,2,5,4,3,28,97,8,97,0,0
1996,405,45,-1,0,5,3,0,35,97,14,97,3,0
1996,409,40,-1,0,3,5,2,31,97,14,97,2,0
1996,513,40,-1,0,1,5,3,42,8,10,13,3,0
1996,566,-1,-1,1,3,3,2,69,97,8,97,0,0
1996,705,-1,-1,1,2,16,8,65,97,12,97,0,0
1996,717,40,-1,0,3,7,1,34,12,12,97,1,0
1996,786,22,-1,0,5,1,1,25,14,14,97,0,0
1996,871,35,-1,0,3,2,2,34,12,12,97,0,0
1996,915,15,-1,0,3,6,2,46,9,7,97,1,0
1996,933,40,-1,0,5,3,3,24,97,12,97,0,0
1996,948,40,-1,0,1,1,2,51,10,13,18,3,0
1996,1066,48,-1,0,3,5,2,52,8,12,97,3,0
1996,1127,50,-1,0,1,2,2,53,6,6,9,3,0
1996,1146,40,-1,0,1,1,2,36,12,12,12,1,0
1996,1389,-1,-1,0,1,3,0,26,12,12,16,1,0
1996,1514,-1,40,0,3,4,3,60,97,98,97,1,0
1996,1529,52,-1,0,3,2,1,37,17,14,97,2,0
1996,1768,40,-1,0,1,1,0,34,16,8,16,1,0
1996,1801,70,-1,0,2,6,6,64,4,4,97,0,0
1996,1857,40,-1,0,1,2,2,35,12,12,13,1,0
1996,1874,70,-1,0,1,7,1,42,97,12,13,0,0
1996,1896,45,-1,0,1,2,5,56,13,20,14,3,0
1996,2019,-1,-1,1,1,6,3,54,98,98,12,0,0
1996,2020,50,-1,0,1,1,4,55,12,12,12,0,0
1996,2076,32,-1,0,1,4,5,48,8,12,19,2,0
1996,2291,-1,50,0,1,3,2,33,97,12,12,3,0
1996,2464,-1,-1,2,2,2,2,76,7,8,97,1,0
1996,2565,-1,-1,1,1,3,3,62,98,98,8,2,0
1996,2627,-1,-1,0,1,3,2,43,97,97,15,5,0
1996,2838,60,-1,0,3,11,1,41,12,12,97,2,0
1996,2841,3,-1,0,1,7,3,55,8,0,8,0,0
1996,2849,-1,-1,2,2,3,3,77,12,6,97,0,0
1998,214,-1,-1,1,2,6,3,59,1,2,97,0,0
1998,249,40,-1,0,3,4,2,57,99,99,97,4,0
1998,291,16,-1,0,5,2,3,34,98,11,97,1,0
1998,376,-1,-1,2,2,1,0,73,16,16,97,3,0
1998,394,-1,-1,2,5,3,0,24,7,7,97,0,0
1998,405,50,-1,0,1,1,1,41,97,16,14,3,0
1998,416,40,-1,0,3,2,0,55,12,12,97,2,0
1998,432,40,-1,0,3,6,2,55,1,3,97,2,0
1998,511,15,-1,0,5,3,0,22,97,12,97,2,0
1998,514,40,-1,0,5,3,0,26,4,0,97,2,0
1998,536,40,-1,0,3,3,1,54,98,12,97,2,0
1998,554,-1,-1,1,1,2,2,64,6,8,12,3,0
1998,584,-1,-1,1,1,5,1,31,10,11,12,0,0
1998,668,39,-1,0,1,5,3,45,12,12,12,3,0
1998,699,-1,-1,1,1,2,1,39,12,12,16,0,0
1998,712,55,-1,0,1,2,2,47,12,12,19,2,0
1998,851,40,-1,0,5,2,2,26,97,8,97,3,0
1998,1020,-1,-1,1,3,14,3,32,0,8,97,3,0
1998,1074,40,-1,0,5,4,0,27,13,12,97,3,0
1998,1146,40,-1,0,5,7,1,45,98,98,97,4,0
1998,1199,46,-1,0,1,4,0,22,10,13,14,0,0
1998,1238,40,-1,0,5,5,2,31,98,98,97,2,0
1998,1314,-1,-1,1,1,1,2,51,12,12,2,4,0
1998,1321,-1,-1,2,1,4,3,28,13,7,9,1,0
1998,1376,40,-1,0,1,2,1,43,13,14,16,1,0
1998,1431,15,-1,0,3,4,0,32,98,11,97,1,0
1998,1475,70,-1,0,3,2,0,35,12,11,97,2,0
1998,1571,40,-1,0,1,8,3,61,2,2,12,3,0
1998,1698,50,-1,0,4,4,1,40,12,12,97,2,0
1998,1734,49,-1,0,3,2,3,34,97,99,97,0,0
1998,1783,-1,-1,1,1,11,2,64,13,14,16,0,0
1998,1801,30,-1,0,5,3,0,28,14,12,97,4,0
1998,2019,-1,-1,1,1,5,2,69,2,12,18,2,0
1998,2040,-1,-1,1,1,11,5,36,97,97,12,0,0
1998,2084,40,-1,0,1,1,1,31,98,18,16,0,0
1998,2114,10,-1,0,1,4,7,69,12,12,11,0,0
1998,2121,-1,-1,1,1,0,4,64,98,12,17,4,0
1998,2212,47,-1,0,5,1,0,51,12,16,97,3,0
1998,2238,-1,-1,1,1,0,2,83,16,14,13,0,0
1998,2307,-1,-1,1,2,3,0,84,8,8,97,0,0
1998,2342,22,-1,0,5,2,0,22,14,16,97,0,0
1998,2375,-1,-1,2,2,10,8,74,0,0,97,2,0
1998,2421,-1,-1,1,2,4,4,73,8,12,97,2,0
1998,2477,-1,-1,1,1,7,6,44,9,8,12,3,0
1998,2498,40,-1,0,2,23,2,48,16,13,97,2,0
1998,2536,-1,-1,2,5,0,4,29,97,14,97,0,0
1998,2585,-1,-1,1,1,7,8,86,8,98,12,0,0
1998,2664,-1,-1,1,5,1,0,58,97,17,97,3,0
1998,2728,55,-1,0,1,3,1,21,14,6,10,4,0
1998,2749,50,-1,0,3,2,3,46,14,11,97,0,0
1998,2805,32,-1,0,1,4,3,34,12,12,12,2,0
1998,2822,70,-1,0,5,3,0,49,5,8,97,2,0
2000,46,30,-1,0,5,17,1,46,97,0,97,1,1
2000,88,40,-1,0,4,8,3,53,2,7,97,0,0
2000,117,49,-1,0,3,3,2,57,97,12,97,2,2
2000,171,45,-1,0,5,2,0,30,12,12,97,0,0
2000,209,40,-1,0,5,4,0,53,3,3,97,0,1
2000,235,-1,-1,1,5,3,0,42,10,10,97,1,0
2000,354,-1,-1,1,5,5,0,19,12,12,97,0,0
2000,388,55,-1,0,4,2,2,44,12,14,97,2,2
2000,431,40,-1,0,5,15,0,38,98,12,97,3,0
2000,456,40,-1,0,5,2,9,25,15,14,97,2,0
2000,632,50,-1,0,5,5,0,40,18,18,97,3,0
2000,670,35,-1,0,1,2,1,45,14,12,20,3,2
2000,694,-1,28,0,1,2,2,35,20,13,16,4,0
2000,766,50,-1,0,1,1,4,45,97,14,12,0,2
2000,849,-1,-1,1,2,1,3,83,98,6,97,2,2
2000,889,-1,-1,2,3,2,3,45,16,16,97,3,0
2000,892,57,-1,0,1,3,3,45,16,14,13,0,0
2000,928,12,-1,0,1,8,2,35,12,12,19,4,1
2000,962,6,-1,0,1,4,2,39,16,18,20,3,0
2000,979,-1,-1,1,1,2,5,59,12,12,12,3,2
2000,1047,40,-1,0,1,2,3,36,11,8,16,2,1
2000,1087,-1,-1,1,1,1,3,74,12,12,14,2,2
2000,1113,35,-1,0,5,2,0,24,12,12,97,1,2
2000,1114,35,-1,0,5,4,0,25,20,12,97,1,0
2000,1273,60,-1,0,1,5,3,55,14,16,16,9,0
2000,1382,40,-1,0,5,2,1,21,97,14,97,3,0
2000,1469,40,-1,0,5,1,0,50,10,10,97,1,2
2000,1511,-1,-1,0,2,7,1,24,97,16,97,4,0
2000,1531,-1,-1,1,2,5,1,88,98,12,97,0,0
2000,1540,40,-1,0,5,1,0,24,16,12,97,2,2
2000,1764,-1,-1,1,5,1,0,23,14,12,97,0,2
2000,1827,55,-1,0,5,7,0,36,10,12,97,1,0
2000,1872,40,-1,0,5,1,0,29,97,12,97,3,2
2000,2082,55,-1,0,3,2,0,48,12,12,97,3,2
2000,2154,39,-1,0,5,6,0,25,14,16,97,0,2
2000,2364,-1,-1,1,1,4,2,58,12,8,18,2,0
2000,2605,30,-1,0,1,3,3,45,12,12,19,0,2
2000,2660,80,-1,0,1,3,2,40,12,15,12,2,0
2002,32,40,-1,0,1,0,0,57,12,12,16,0,0
2002,96,40,-1,0,3,1,3,53,12,12,97,0,0
2002,110,-1,-1,0,1,5,2,24,97,12,12,0,0
2002,163,-1,-1,2,1,1,0,79,10,9,12,0,0
2002,239,28,-1,0,1,1,0,24,18,16,14,1,0
2002,292,55,-1,0,1,1,0,29,12,12,12,0,0
2002,433,80,-1,0,5,1,0,26,12,12,97,2,0
2002,577,-1,-1,1,1,5,0,77,97,8,12,2,0
2002,599,40,-1,0,1,1,2,43,12,12,12,0,0
2002,632,41,-1,0,3,1,5,37,12,12,97,3,0
2002,645,38,-1,0,4,2,2,35,97,8,97,0,0
2002,654,45,-1,0,1,2,2,46,16,12,16,3,0
2002,722,40,-1,0,1,1,0,34,16,8,20,0,0
2002,771,-1,-1,1,1,2,2,27,12,13,13,0,0
2002,804,46,-1,0,3,8,1,41,8,10,97,0,0
2002,954,60,-1,0,1,2,0,48,12,16,14,3,0
2002,972,37,-1,0,5,8,2,27,10,12,97,4,0
2002,975,40,-1,0,3,2,1,22,16,14,97,0,0
2002,1020,40,-1,0,1,1,2,50,12,12,18,2,0
2002,1096,-1,-1,1,1,3,2,62,10,12,10,0,0
2002,1110,50,-1,0,3,3,3,58,12,16,97,0,0
2002,1198,40,-1,0,5,1,0,21,12,16,97,3,0
2002,1252,40,-1,0,3,0,0,39,97,14,97,0,0
2002,1271,-1,-1,0,5,2,3,29,97,12,97,0,0
2002,1306,60,-1,0,1,1,2,41,16,12,18,2,0
2002,1313,-1,-1,2,5,1,0,20,18,12,97,0,0
2002,1331,-1,30,0,1,3,1,47,97,13,98,0,0
2002,1355,30,-1,0,1,3,2,25,12,12,12,0,0
2002,1358,45,-1,0,1,1,2,48,8,12,13,2,0
2002,1374,60,-1,0,3,0,3,41,12,12,97,0,0
2002,1395,35,-1,0,5,1,2,21,97,11,97,3,0
2002,1405,-1,-1,1,3,4,0,42,12,12,97,0,0
2002,1415,45,-1,0,1,1,1,21,99,99,10,0,0
2002,1504,28,-1,0,5,99,0,26,99,99,97,9,0
2002,1517,23,-1,0,5,4,1,23,14,14,97,1,0
2002,1561,70,-1,0,1,3,3,34,97,97,13,0,0
2002,1646,-1,-1,1,1,4,7,61,8,3,12,1,0
2002,1847,-1,-1,1,4,12,4,53,97,8,97,0,0
2002,1897,40,-1,0,1,3,2,42,15,14,14,0,0
2002,1925,-1,-1,1,1,1,2,67,99,99,11,0,0
2002,2012,60,-1,0,1,1,3,35,16,12,16,0,0
2002,2149,50,-1,0,3,4,2,45,6,12,97,0,0
2002,2296,7,-1,0,1,7,6,65,98,6,8,0,0
2002,2300,-1,-1,1,5,3,0,31,10,12,97,0,0
2002,2408,40,-1,0,5,2,0,29,12,12,97,0,0
2002,2681,47,-1,0,1,1,2,34,10,12,14,0,0
2002,2689,-1,-1,1,5,3,1,21,97,5,97,0,0
2002,2709,45,-1,0,1,2,2,36,16,15,14,0,0
2002,2745,-1,-1,1,5,3,0,27,97,97,97,0,0
2004,125,45,-1,0,3,2,1,47,16,16,97,0,0
2004,295,-1,-1,1,1,2,2,67,12,9,13,3,0
2004,374,-1,60,0,3,1,2,55,8,12,97,0,0
2004,406,55,-1,0,5,4,0,49,16,16,97,3,0
2004,500,-1,-1,2,5,10,1,20,97,11,97,2,0
2004,566,40,-1,0,1,4,3,38,12,16,16,0,0
2004,659,40,-1,0,3,3,2,52,12,12,97,0,0
2004,678,16,-1,0,1,1,3,41,12,12,17,0,0
2004,688,32,-1,0,1,99,2,67,16,14,17,0,0
2004,767,50,-1,0,5,2,0,23,16,14,97,0,0
2004,830,20,-1,0,5,2,2,22,9,14,97,0,0
2004,989,8,-1,0,1,3,4,74,15,11,20,3,0
2004,1192,38,-1,0,3,2,4,34,14,12,97,0,0
2004,1254,60,-1,0,3,2,0,40,12,17,97,3,0
2004,1255,50,-1,0,1,3,2,37,12,14,16,2,0
2004,1400,-1,-1,1,1,8,5,64,8,13,13,1,0
2004,1481,46,-1,0,1,5,4,57,16,98,12,0,0
2004,1625,40,-1,0,5,4,0,44,6,6,97,0,0
2004,1630,-1,-1,0,1,1,2,58,12,12,16,0,0
2004,1655,-1,-1,1,1,3,6,76,6,6,15,3,0
2004,1706,40,-1,0,1,4,2,33,12,12,12,0,0
2004,1723,48,-1,0,3,1,3,38,9,7,97,3,0
2004,1760,-1,-1,1,1,2,3,51,12,12,12,0,0
2004,1768,40,-1,0,1,1,2,40,12,12,14,2,0
2004,1922,25,-1,0,1,2,3,47,10,10,17,2,0
2004,2072,30,-1,0,3,9,2,54,8,8,97,0,0
2004,2117,89,-1,0,1,2,2,62,8,9,12,0,0
2004,2152,75,-1,0,1,10,3,32,12,9,14,0,0
2004,2213,-1,43,0,1,4,2,54,97,97,10,0,0
2004,2354,60,-1,0,3,1,0,33,97,97,97,2,0
2004,2375,52,-1,0,3,1,2,43,14,98,97,0,0
2004,2398,40,-1,0,1,4,2,43,12,12,12,0,0
2004,2493,-1,-1,1,2,7,2,88,98,98,97,0,0
2004,2553,40,-1,0,3,3,1,35,97,11,97,0,0
2004,2557,99,-1,0,5,1,0,25,12,13,97,0,0
2004,2587,-1,-1,1,3,1,2,77,12,12,97,0,0
2004,2657,-1,-1,1,1,4,2,40,12,12,15,3,0
2004,2696,43,-1,0,5,0,0,32,12,97,97,0,0
2006,63,40,-1,0,1,-1,3,38,97,97,97,0,0
2006,228,40,-1,0,1,1,3,41,97,9,14,2,0
2006,290,-1,-1,1,5,-1,2,23,97,97,97,0,0
2006,292,40,-1,0,5,2,0,27,20,16,97,0,2
2006,373,48,-1,0,5,0,2,36,97,12,97,0,2
2006,406,99,-1,0,5,3,0,43,14,13,97,0,2
2006,412,42,-1,0,1,2,1,36,8,12,12,0,2
2006,564,40,-1,0,1,-1,2,37,97,97,97,0,0
2006,578,40,-1,0,1,1,1,42,16,16,16,1,1
2006,763,-1,-1,1,1,9,5,50,6,0,11,1,1
2006,840,-1,-1,0,3,2,2,38,16,97,97,0,2
2006,919,40,-1,0,5,2,0,48,11,14,97,0,1
2006,1151,53,-1,0,1,-1,3,44,97,97,97,0,0
2006,1394,51,-1,0,1,-1,0,29,97,97,97,0,0
2006,1418,55,-1,0,5,-1,0,43,97,97,97,0,0
2006,1454,40,-1,0,5,2,0,25,1,9,97,0,0
2006,1496,-1,-1,1,3,2,3,60,97,16,97,0,2
2006,1528,50,-1,0,1,1,0,28,16,16,18,2,2
2006,1576,-1,-1,1,1,8,1,59,6,6,18,1,1
2006,1734,-1,-1,1,1,2,1,88,98,98,14,1,2
2006,1770,42,-1,0,1,-1,1,19,97,97,97,0,0
2006,1804,42,-1,0,5,-1,0,42,97,97,97,0,0
2006,1937,40,-1,0,5,5,0,31,0,0,97,0,0
2006,1946,-1,-1,0,5,3,0,43,12,12,97,3,2
2006,1950,-1,-1,1,1,-1,2,63,97,97,97,0,0
2006,1954,-1,-1,0,5,-1,0,24,97,97,97,0,0
2006,1964,45,-1,0,1,-1,3,47,97,97,97,0,0
2006,2002,46,-1,0,1,4,2,38,16,12,12,0,2
2006,2007,45,-1,0,1,3,2,48,12,12,12,0,2
2006,2041,-1,-1,1,3,2,2,71,97,97,97,2,2
2006,2048,65,-1,0,5,0,0,34,16,19,97,0,2
2006,2065,45,-1,0,1,1,2,57,12,8,12,0,2
2006,2234,50,-1,0,5,1,0,25,16,18,97,0,1
2006,2250,48,-1,0,1,1,4,61,97,6,12,0,2
2006,2314,-1,-1,1,1,-1,3,52,97,97,97,0,0
2006,2394,-1,-1,1,2,4,2,72,8,7,97,5,2
2006,2440,40,-1,0,1,-1,2,59,97,97,97,0,0
2006,2441,42,-1,0,1,-1,1,36,97,97,97,0,0
2006,2465,35,-1,0,1,2,3,64,12,12,12,0,2
2006,2563,50,-1,0,1,2,1,32,16,16,14,0,2
2006,2586,-1,-1,1,2,-1,1,70,97,97,97,0,0
2006,2626,-1,-1,0,5,1,2,41,14,18,97,1,1
2006,2668,40,-1,0,5,-1,0,41,97,97,97,0,0
2006,2687,40,-1,0,3,2,2,35,97,9,97,0,2
2006,2738,40,-1,0,1,-1,2,20,97,97,97,0,0
2006,2874,-1,-1,2,5,-1,2,25,97,97,97,0,0
2006,2876,37,-1,0,5,1,0,28,14,14,97,0,2
2006,2904,47,-1,0,1,4,3,51,12,12,20,0,2
2006,3029,-1,-1,1,2,-1,3,76,97,97,97,0,0
2006,3080,-1,-1,1,5,4,0,63,97,99,97,3,2
2006,3128,55,-1,0,5,-1,0,46,97,97,97,0,0
2006,3189,27,-1,0,5,-1,0,21,97,97,97,0,0
2006,3245,60,-1,0,1,-1,3,56,97,97,97,0,0
2006,3253,40,-1,0,1,-1,3,47,97,97,97,0,0
2006,3258,40,-1,0,1,-1,3,62,97,97,97,0,0
2006,3336,66,-1,0,1,1,1,27,12,98,12,2,2
2006,3356,-1,-1,1,1,0,1,76,12,12,20,0,1
2006,3498,-1,-1,0,4,4,4,44,97,12,97,2,2
2006,3588,65,-1,0,1,-1,3,35,97,97,97,0,0
2006,3647,48,-1,0,3,5,2,37,10,8,97,0,2
2006,3661,42,-1,0,5,1,1,34,4,12,97,0,2
2006,3665,-1,-1,1,1,2,2,70,3,3,12,0,2
2006,3690,40,-1,0,1,-1,5,34,97,97,97,0,0
2006,3706,-1,-1,1,4,5,8,70,97,0,97,3,2
2006,3818,-1,-1,1,1,12,0,42,98,8,12,5,2
2006,3935,40,-1,0,5,3,1,28,97,14,97,0,2
2006,4072,40,-1,0,1,-1,3,47,97,97,97,0,0
2006,4119,25,-1,0,1,3,2,35,11,13,12,0,1
2006,4310,40,-1,0,1,5,6,58,12,10,12,0,2
2006,4317,5,-1,0,1,3,8,54,12,12,11,0,2
2006,4388,-1,-1,1,5,-1,1,38,97,97,97,0,0
2006,4415,40,-1,0,1,5,4,44,98,12,12,0,2
2006,4455,-1,-1,2,1,8,3,31,20,16,16,0,2
2008,63,60,-1,0,5,2,0,26,16,13,97,2,2
2008,180,35,-1,0,1,0,1,27,97,12,15,0,2
2008,385,25,-1,0,1,2,0,64,9,8,16,2,2
2008,449,60,-1,0,1,10,6,40,6,6,6,0,1
2008,524,-1,-1,1,1,3,2,54,12,12,15,0,2
2008,568,40,-1,0,5,5,4,36,5,9,97,4,1
2008,656,-1,-1,1,3,5,1,69,97,98,97,4,2
2008,670,-1,-1,2,5,6,3,41,0,0,97,0,2
2008,871,-1,-1,1,1,9,2,65,98,98,10,3,2
2008,899,34,-1,0,1,2,1,55,12,12,14,3,2
2008,958,35,-1,0,5,2,0,27,18,16,97,2,2
2008,990,-1,-1,1,1,1,4,77,98,16,16,3,2
2008,1004,-1,-1,1,1,4,2,33,12,97,16,3,2
2008,1080,-1,-1,1,1,6,2,72,97,14,8,2,2
2008,1174,-1,-1,2,5,8,3,26,97,11,97,0,2
2008,1179,-1,-1,1,2,5,3,80,12,11,97,3,2
2008,1265,-1,20,0,2,1,2,52,9,12,97,1,2
2008,1301,40,-1,0,1,4,3,65,12,12,14,2,2
2008,1417,60,-1,0,1,8,5,50,9,12,9,5,2
2008,1431,50,-1,0,1,3,0,45,17,16,17,1,1
2008,1453,40,-1,0,4,4,1,26,14,12,97,3,2
2008,1472,25,-1,0,1,4,3,44,12,11,13,2,2
2008,1527,-1,-1,0,5,0,0,38,97,12,97,0,1
2008,1542,20,-1,0,1,3,2,72,12,12,14,3,2
2008,1549,-1,40,0,3,2,1,36,20,15,97,0,2
2008,1583,10,-1,0,1,4,2,61,8,12,12,2,2
2008,1646,-1,-1,1,1,17,3,57,4,12,98,0,2
2008,1707,60,-1,0,5,2,0,19,13,13,97,0,2
2008,1817,40,-1,0,1,12,2,26,0,0,5,3,2
2008,1858,25,-1,0,1,9,1,44,12,12,11,3,2
2008,1942,40,-1,0,3,15,3,39,12,98,97,1,2
2008,1977,35,-1,0,3,8,3,60,97,8,97,0,2
2008,2013,-1,-1,1,1,6,4,78,6,8,12,4,2
2010,70,-1,-1,1,3,3,2,50,9,9,97,1,2
2010,82,35,-1,0,1,3,4,88,12,8,12,2,2
2010,85,-1,-1,1,5,2,0,22,97,12,97,3,2
2010,191,70,-1,0,2,1,0,48,18,18,97,1,2
2010,221,33,-1,0,1,2,2,41,16,18,18,0,2
2010,228,-1,40,0,1,1,2,58,16,12,16,1,1
2010,394,40,-1,0,5,3,0,43,97,12,97,4,1
2010,435,50,-1,0,5,2,0,26,12,12,97,1,2
2010,539,40,-1,0,1,3,3,35,12,12,16,3,2
2010,557,40,-1,0,1,1,2,47,16,12,16,3,1
2010,645,-1,-1,1,2,2,2,69,8,8,97,0,2
2010,757,40,-1,0,3,3,0,42,12,12,97,0,2
2010,772,40,-1,0,1,6,3,45,16,12,14,0,2
2010,783,-1,50,0,2,6,4,56,97,16,97,4,2
2010,785,30,-1,0,1,6,3,53,12,10,10,0,2
2010,851,40,-1,0,1,12,2,44,8,8,8,4,1
2010,913,52,-1,0,1,6,2,43,12,12,14,0,2
2010,928,60,-1,0,1,4,2,62,12,12,12,2,2
2010,1004,24,-1,0,5,4,1,45,97,14,97,4,2
2010,1122,37,-1,0,3,0,0,62,11,12,97,1,2
2010,1144,40,-1,0,2,1,3,59,12,12,97,3,2
2010,1172,25,-1,0,1,2,4,51,11,11,14,3,2
2010,1204,40,-1,0,1,2,1,54,5,12,12,3,2
2010,1211,-1,-1,1,1,2,1,34,12,12,12,5,2
2010,1266,50,-1,0,1,4,4,43,12,12,16,1,2
2010,1322,40,-1,0,1,2,1,34,16,16,14,0,2
2010,1375,50,-1,0,3,2,1,38,5,8,97,2,2
2010,1464,-1,-1,1,5,98,0,35,97,12,97,2,2
2010,1530,-1,-1,1,5,5,1,28,12,97,97,2,2
2010,1540,-1,-1,1,3,2,2,64,97,16,97,0,2
2010,1659,-1,-1,1,5,3,2,29,18,20,97,0,2
2010,1689,41,-1,0,1,2,2,30,12,17,13,2,1
2010,1736,-1,-1,1,1,2,2,73,13,12,12,2,2
2010,1894,-1,-1,1,5,6,1,27,97,12,97,1,2
2010,1912,10,-1,0,3,7,2,61,98,98,97,1,2
2010,1959,-1,-1,1,3,1,1,44,8,12,97,4,2
2010,2004,40,-1,0,1,2,0,23,20,12,15,2,2
2012,11,-1,-1,1,3,4,6,55,98,97,97,0,2
2012,16,53,-1,0,5,2,4,35,14,12,97,2,1
2012,40,40,-1,0,5,2,2,30,97,12,97,2,2
2012,41,40,-1,0,1,1,0,29,18,18,20,2,1
2012,62,-1,-1,1,2,15,2,71,3,5,97,4,2
2012,101,-1,-1,1,3,3,2,51,12,0,97,3,1
2012,128,48,-1,0,1,13,5,40,97,0,9,3,2
2012,201,8,-1,0,1,8,4,41,0,0,6,4,2
2012,215,36,-1,0,1,1,2,65,12,14,18,1,2
2012,223,-1,-1,2,5,3,0,18,14,12,97,2,2
2012,446,50,-1,0,1,3,1,34,11,12,17,1,1
2012,675,42,-1,0,5,2,0,21,12,16,97,3,1
2012,676,-1,-1,1,1,8,2,76,3,97,12,3,2
2012,699,16,-1,0,1,2,1,30,16,16,14,2,2
2012,799,-1,-1,1,2,5,4,81,12,12,97,2,2
2012,901,49,-1,0,1,2,1,41,20,16,16,0,2
2012,1018,32,-1,0,5,1,0,34,18,16,97,2,1
2012,1038,40,-1,0,3,3,2,52,12,12,97,0,2
2012,1160,-1,-1,0,5,13,2,32,97,12,97,2,1
2012,1174,50,-1,0,3,8,1,56,6,10,97,0,2
2012,1264,40,-1,0,3,5,2,46,12,14,97,3,1
2012,1297,60,-1,0,1,6,2,54,10,20,11,2,1
2012,1348,-1,-1,1,2,3,4,84,10,16,97,3,2
2012,1469,44,-1,0,1,4,2,37,6,12,13,3,1
2012,1490,40,-1,0,3,1,2,36,98,12,97,0,2
2012,1590,24,-1,0,5,1,0,63,13,12,97,0,2
2012,1616,40,-1,0,5,4,0,33,6,6,97,0,2
2012,1632,40,-1,0,3,2,0,69,8,12,97,0,2
2012,1701,40,-1,0,1,1,2,31,12,14,14,0,2
2012,1911,-1,-1,1,2,8,1,65,98,98,97,0,2
2014,16,6,-1,0,1,3,3,56,6,12,14,4,1
2014,17,20,-1,0,3,6,3,51,12,12,97,3,1
2014,140,40,-1,0,1,1,2,57,18,18,16,0,1
2014,185,-1,-1,1,5,5,4,56,3,0,97,0,2
2014,190,40,-1,0,5,1,0,31,97,9,97,1,2
2014,246,-1,-1,1,1,11,8,79,2,9,6,2,2
2014,259,60,-1,0,3,2,1,43,18,20,97,2,1
2014,418,45,-1,0,1,1,0,35,18,18,17,0,1
2014,435,66,-1,0,1,7,0,41,97,15,12,0,2
2014,474,47,-1,0,5,2,0,24,98,98,97,0,2
2014,533,-1,-1,2,5,1,0,22,12,10,97,2,1
2014,607,-1,-1,1,1,0,2,81,98,12,8,4,2
2014,665,-1,-1,1,5,1,2,33,97,12,97,2,2
2014,675,40,-1,0,1,4,4,33,98,11,10,1,1
2014,688,55,-1,0,5,4,1,57,12,97,97,2,2
2014,771,50,-1,0,5,1,0,31,14,17,97,3,1
2014,855,40,-1,0,1,7,0,29,16,12,14,2,2
2014,933,45,-1,0,5,4,0,37,16,18,97,0,2
2014,1044,40,-1,0,1,3,1,55,12,12,12,2,2
2014,1062,-1,-1,0,5,1,2,30,12,12,97,1,2
2014,1092,-1,-1,2,5,4,0,21,12,16,97,3,2
2014,1123,18,-1,0,5,7,0,26,16,16,97,1,1
2014,1175,-1,-1,1,5,4,2,30,12,97,97,2,2
2014,1236,60,-1,0,3,1,1,50,20,20,97,0,2
2014,1277,-1,-1,1,5,2,0,25,12,12,97,0,2
2014,1425,-1,-1,1,1,0,2,39,12,12,12,0,2
2014,1562,60,-1,0,1,4,4,58,6,13,14,0,2
2014,1631,42,-1,0,3,4,1,41,12,12,97,1,2
2014,1730,89,-1,0,1,8,4,46,12,7,13,0,2
2014,1733,-1,-1,0,5,3,0,32,97,12,97,4,2
2014,1787,-1,-1,1,2,4,5,78,8,8,97,3,2
2014,1836,-1,-1,1,1,12,2,74,12,12,16,9,2
2014,1844,-1,-1,1,5,7,0,20,18,14,97,1,2
2014,1864,-1,-1,1,1,1,3,84,12,12,12,2,2
2014,1909,-1,-1,1,2,1,2,70,12,12,97,1,2
2014,1968,-1,-1,1,4,2,0,61,97,14,97,0,2
2014,1970,40,-1,0,5,2,0,25,10,4,97,2,1
2014,1977,40,-1,0,5,2,0,35,18,17,97,0,2
2014,1978,40,-1,0,1,3,2,38,14,12,12,1,2
2014,1979,34,-1,0,2,5,3,53,6,97,97,2,2
2014,2000,-1,-1,1,1,6,2,79,10,12,12,2,2
2014,2060,-1,-1,1,3,2,0,77,11,11,97,2,2
2014,2161,-1,-1,1,1,4,2,29,12,12,18,2,2
2014,2220,-1,-1,1,1,3,3,34,13,6,5,4,2
2014,2279,40,-1,0,1,2,2,46,9,10,12,4,2
2014,2354,-1,-1,1,5,5,4,45,12,8,97,3,2
2014,2363,83,-1,0,3,4,2,42,12,14,97,2,1
2014,2384,-1,-1,1,5,1,0,23,12,16,97,0,2
2014,2413,-1,-1,1,1,3,2,58,97,97,12,2,2
2014,2415,40,-1,0,1,7,4,58,12,12,16,3,2
2014,2503,-1,-1,1,1,3,3,67,97,11,12,2,2
2016,72,35,-1,0,3,4,2,57,14,18,97,0,2
2016,115,60,-1,0,1,1,0,32,18,18,12,1,1
2016,199,25,-1,0,5,3,0,22,13,13,97,0,1
2016,211,55,-1,0,3,6,2,37,12,12,97,3,2
2016,328,30,-1,0,5,10,0,21,2,2,97,0,1
2016,342,20,-1,0,1,1,2,34,18,13,16,1,2
2016,352,-1,-1,1,1,1,1,36,14,14,15,0,1
2016,420,-1,-1,1,3,9,3,64,12,12,97,0,2
2016,434,40,-1,0,1,6,1,44,3,6,6,3,1
2016,493,21,-1,0,5,8,1,37,8,9,97,1,2
2016,542,48,-1,0,1,4,2,58,97,12,12,2,2
2016,593,-1,-1,1,3,0,3,69,97,97,97,0,2
2016,653,-1,-1,0,5,1,0,31,15,16,97,0,2
2016,689,36,-1,0,1,6,0,48,6,0,18,2,2
2016,702,-1,-1,1,5,3,0,22,14,12,97,0,1
2016,926,89,-1,0,1,2,1,30,14,12,13,0,2
2016,1034,40,-1,0,1,7,5,55,98,13,12,0,2
2016,1051,-1,-1,1,1,0,2,77,12,10,10,2,2
2016,1086,40,-1,0,1,6,3,50,97,8,9,3,2
2016,1106,55,-1,0,1,5,1,65,12,12,12,1,1
2016,1118,-1,40,0,1,1,2,42,20,18,19,2,2
2016,1182,-1,-1,1,1,3,1,67,12,12,14,3,2
2016,1430,35,-1,0,1,3,1,57,12,12,12,1,2
2016,1443,40,-1,0,5,2,0,30,12,12,97,0,2
2016,1456,-1,-1,1,4,1,2,50,16,13,97,3,1
2016,1465,40,-1,0,5,10,1,31,12,8,97,1,1
2016,1469,40,-1,0,5,3,0,22,12,16,97,2,2
2016,1533,43,-1,0,3,0,0,34,12,12,97,3,1
2016,1545,89,-1,0,5,6,2,33,98,12,97,1,2
2016,1575,45,-1,0,5,1,0,42,17,16,97,0,1
2016,1590,25,-1,0,1,7,7,59,10,14,14,0,2
2016,1675,50,-1,0,3,0,0,39,5,12,97,0,1
2016,1773,40,-1,0,5,3,0,25,12,12,97,3,2
2016,1817,-1,-1,1,1,2,2,71,98,98,98,0,2
2016,2198,-1,-1,1,1,4,1,78,9,7,12,1,2
2016,2312,-1,-1,1,5,2,8,78,6,97,97,0,1
2016,2361,40,-1,0,3,2,3,62,20,14,97,2,2
2016,2494,-1,-1,2,2,3,2,55,98,98,97,2,2
2016,2573,40,-1,0,5,2,1,33,8,8,97,1,2
2016,2615,40,-1,0,1,3,3,65,12,18,18,2,2
2016,2796,-1,-1,1,1,3,2,79,97,12,12,0,2
2016,2808,40,-1,0,3,8,4,56,97,98,97,1,2
