Trip ID,Trip End Timestamp,Trip Miles,Pickup Community Area,Dropoff Community Area,Fare,Tips,Tolls,Extras,Trip Total,Payment Type,CreditCard,Tipgt5
00a4be9cc5905ae644a7694f2fe852804483e7b0,1/27/2013 2:15,0.94,,,5.05,$0.00 ,$0.00 ,$1.00 ,$6.05 ,Cash,0,0
017f33a350024952dbc453018a055d1b031470c8,11/4/2015 23:00,25.2,,,50.85,$0.00 ,$0.00 ,$2.00 ,$52.85 ,Cash,0,0
01be76c5a72c9f28353cd6014db42459ad23482d,6/3/2016 23:30,2.9,,,10.25,$2.00 ,$0.00 ,$2.50 ,$15.25 ,Credit Card,1,0
01e7c40deaa58ecb7623fe9cdb1a07f36539d9ed,4/17/2013 1:30,5.5,,,14.45,$0.00 ,$0.00 ,$0.00 ,$14.45 ,Cash,0,0
023bd4a18ee79d5e2b2cf299a6525d5ca172bfb3,2/6/2015 19:15,6.7,,,17.85,$0.00 ,$0.00 ,$2.00 ,$19.85 ,Credit Card,1,0
02e4e73d5cb70fae36e11adc352a9866e2573280,10/25/2015 16:30,1.2,,,7.05,$0.00 ,$0.00 ,$1.00 ,$8.05 ,Cash,0,0
032be97f42761a587cb71b3f5f7b5411f4475210,6/9/2017 11:30,17.1,76,8,43.5,$5.00 ,$0.00 ,$4.00 ,$52.50 ,Credit Card,1,0
0330f23c98f3ac24c01fae2810e62dbc55f1bb08,6/24/2016 13:15,1.2,,,6.5,$0.00 ,$0.00 ,$0.00 ,$6.50 ,Cash,0,0
03efdb077f8cdc8fbe358bacfb8d1046f87e18cd,10/13/2014 15:45,18.1,,,38.65,$0.00 ,$0.00 ,$3.00 ,$41.65 ,Cash,0,0
04b06a64a13fbea69d6c9d053b12866585525447,6/2/2017 18:15,7.8,41,28,23,$4.80 ,$0.00 ,$1.00 ,$28.80 ,Credit Card,1,0
05133c617b7da271e84770f3d6381a668bc7e4eb,3/21/2015 1:45,0.07,,,5.05,$0.00 ,$0.00 ,$0.00 ,$5.05 ,Cash,0,0
062553a28180f59864447c638742b1c787f41a5f,10/25/2014 11:30,8.8,,,20.45,$0.00 ,$0.00 ,$3.00 ,$23.45 ,Cash,0,0
069199c3e6d8a07e2c4488dec1c7f230a5e1992d,6/21/2016 17:45,0.9,,,6,$3.00 ,$0.00 ,$0.00 ,$9.50 ,Credit Card,1,0
06c560511e1b67a2bf1c51ef63e67e814dcfcc47,11/25/2013 9:00,5.3,,,13.65,$3.03 ,$0.00 ,$1.50 ,$18.18 ,Credit Card,1,0
07b8b80989dcbead49ea3ba28b8d367faf6e19b6,2/13/2013 9:45,0.8,,,5.05,$0.00 ,$0.00 ,$0.00 ,$5.05 ,Credit Card,1,0
0817f71e7f87fec411c47f336f48221ee5cf0951,4/1/2014 13:00,2.5,,,9.44,$0.00 ,$0.00 ,$0.00 ,$9.44 ,Cash,0,0
087f03546f00323a7db2e6eeacf8bc899abe8499,3/5/2014 12:30,1.7,,,6.85,$0.00 ,$0.00 ,$0.00 ,$6.85 ,Cash,0,0
08d0464466ca45fb0bfec5c0c0591ae6d6ea0c81,11/10/2013 18:15,1.5,,,7.25,$0.00 ,$0.00 ,$0.00 ,$7.25 ,Cash,0,0
08dfb66ecce6b18d3842dd014f8c377579477b3f,10/8/2013 9:00,2.7,,,10.05,$0.00 ,$0.00 ,$1.00 ,$11.05 ,Cash,0,0
092c19a7a1b584fd60f42c977ac5acd0e537974b,9/15/2015 23:30,4.7,,,12.45,$0.00 ,$0.00 ,$1.00 ,$13.45 ,Cash,0,0
09385798e453b3c03ddb24aabd03413c08e0f0ef,5/23/2016 22:00,0.6,,,5.5,$2.00 ,$0.00 ,$1.00 ,$8.50 ,Credit Card,1,0
09511d392bda331d7422a27694158e3b684e934a,6/6/2014 16:00,2.3,,,10.05,$0.00 ,$0.00 ,$0.00 ,$10.05 ,Cash,0,0
0a173bf46242f4ae9496e73950d99a6bd98c5d49,4/17/2014 8:00,0.7,,,5.45,$0.00 ,$0.00 ,$0.00 ,$5.45 ,Cash,0,0
0a86bada20ee34b5e50e9ebf7c059932789c6355,4/1/2013 19:30,19.1,,,38.04,$10.01 ,$0.00 ,$2.00 ,$50.05 ,Credit Card,1,1
0be887fe6c6ba9163bb08f332ed1e43ea0083da6,4/26/2013 21:45,3.7,,,11.85,$2.00 ,$0.00 ,$0.00 ,$13.85 ,Credit Card,1,0
0c63187e3920204de14fcca79759a99b8e13b2b8,6/5/2017 15:30,2.4,32,33,11,$3.00 ,$0.00 ,$2.00 ,$16.00 ,Credit Card,1,0
0d97c6162f87147716d80cf92c779db3613e1329,7/25/2014 8:45,17.5,,,35.65,$9.41 ,$0.00 ,$2.00 ,$47.06 ,Credit Card,1,1
0e14d1e03bed34f8a535f41e7d035e7a5b1361e8,2/10/2017 9:45,26.5,,,64.75,$0.00 ,$0.00 ,$4.00 ,$68.75 ,Cash,0,0
0ec65d249b0821f80097b73544e0033a598ba21a,6/11/2016 0:45,0.9,,,5.75,$0.00 ,$0.00 ,$1.00 ,$6.75 ,Cash,0,0
0ed61bdad568959f5030dd8dc0910d09d47467e5,9/3/2013 14:30,1.5,,,7.25,$2.00 ,$0.00 ,$0.00 ,$9.25 ,Credit Card,1,0
0f1739465c8a470622365f3d886bdd90d4c66b24,11/11/2016 18:30,0.7,,,5.25,$2.00 ,$0.00 ,$0.00 ,$7.75 ,Credit Card,1,0
0f7ebb656aa08497938b9abc09164b498905ca2a,6/27/2014 13:15,8.3,,,20.25,$4.25 ,$0.00 ,$1.00 ,$25.50 ,Credit Card,1,0
0fab6137ec32347b21c9db89b8616b76279b7edb,5/2/2013 13:30,11.3,,,36.85,$2.00 ,$0.00 ,$2.00 ,$40.85 ,Credit Card,1,0
0fb676ccdef455bd08eac31a758abf64602863ce,7/12/2016 14:15,2.2,,,10.25,$2.00 ,$0.00 ,$1.00 ,$13.75 ,Credit Card,1,0
0ffbe0eaa360aba928a1be3ef52383617008e344,6/29/2017 0:00,0.7,32,8,6,$0.00 ,$0.00 ,$2.00 ,$8.00 ,Cash,0,0
10088afa660778044dc3ef23f0aeae73f3e6ab50,6/21/2017 12:30,20.7,33,76,56.5,$0.00 ,$0.00 ,$1.00 ,$57.50 ,Cash,0,0
108df20d529708d5c832779c226389cf2fa477e9,4/2/2013 9:00,5.7,,,16.25,$0.00 ,$0.00 ,$0.00 ,$16.25 ,Cash,0,0
10a331b2a3c74e8c075753af8f04185f2a3b0c88,4/12/2014 12:15,1.5,,,5.25,$0.00 ,$0.00 ,$0.00 ,$5.25 ,Cash,0,0
10f57b50e268dc66ed38c1c7771af74418bd3b03,11/24/2014 20:30,1,,,6.05,$0.00 ,$0.00 ,$0.00 ,$6.05 ,Cash,0,0
116a7f3046721d9028dc3068ee5bca861e7d7faa,5/24/2013 21:15,17.55,,,37.85,$0.00 ,$0.00 ,$3.00 ,$40.85 ,Cash,0,0
11bc4ae9d76e39d362f2cb6d5b51a4c63d8c0238,4/8/2015 12:15,6.3,,,17.64,$4.66 ,$0.00 ,$1.00 ,$23.30 ,Credit Card,1,0
11cdef7ac9f163b044cf1f0ba426174a5e60a2bf,12/15/2015 16:30,11.6,,,26.25,$5.65 ,$0.00 ,$2.00 ,$33.90 ,Credit Card,1,1
123a28d79c6ea9a00ad803eb9d99c87f2c46e4bb,9/4/2015 23:45,2.4,,,8.85,$0.00 ,$0.00 ,$1.00 ,$9.85 ,Cash,0,0
12aa4fbb770260a9f94f8cbeacf78862ba155a53,1/11/2017 2:30,14.2,,,36.25,$8.05 ,$0.00 ,$4.00 ,$48.80 ,Credit Card,1,1
131645079544773eb5464714cdccb3fad02654c0,6/5/2017 8:45,1,32,33,8.75,$3.00 ,$0.00 ,$1.00 ,$12.75 ,Credit Card,1,0
132a98fb152a48f4fb03420c3d1c781e552fadac,4/23/2013 21:15,3.1,,,10.25,$0.00 ,$0.00 ,$0.00 ,$10.25 ,Cash,0,0
13a50528ebe681ed462e656941ec1390430c968e,6/5/2013 14:45,2.2,,,7.65,$0.00 ,$0.00 ,$0.00 ,$7.65 ,Cash,0,0
13be568ee5c8331d4ae3b3514f708d155adcc7dd,6/14/2017 12:00,0.9,32,8,6.75,$2.00 ,$0.00 ,$0.00 ,$9.25 ,Credit Card,1,0
13c1b35895b74e69449c7e243faaa97b8d614304,5/8/2013 12:30,0.3,,,4.65,$0.00 ,$0.00 ,$0.00 ,$4.65 ,Cash,0,0
13dd1f152ecd3f05cf6bdb58e817392e289ad7dd,8/19/2015 16:15,1.2,,,5.85,$0.00 ,$0.00 ,$0.00 ,$5.85 ,Cash,0,0
13ffb1d75a0c0739020b7dc06673a956e842edee,4/27/2014 18:30,1.4,,,6.65,$2.00 ,$0.00 ,$0.00 ,$8.65 ,Credit Card,1,0
14fdc9055a83578921c3b34a39c54ea0655be759,7/11/2014 13:30,2.4,,,8.44,$0.00 ,$0.00 ,$1.00 ,$9.44 ,Cash,0,0
1502840cccdee5956bf24b428975de26bc4bcc8f,7/25/2017 10:30,0.4,28,6,21.25,$5.00 ,$0.00 ,$1.00 ,$27.25 ,Credit Card,1,0
15076d32a44707d90e4a78524577a7a156dfe4d6,7/28/2017 9:15,10.4,56,32,28.5,$8.10 ,$0.00 ,$4.00 ,$40.60 ,Credit Card,1,1
15f3776b2be5481de19cd7177eb8df20895b64ba,5/6/2016 20:30,4.5,,,15,$0.00 ,$0.00 ,$1.00 ,$16.00 ,Cash,0,0
15f3864da3673b374aa35d86f35b2cedcec3b5a5,12/25/2015 20:00,2.9,,,8.85,$0.00 ,$0.00 ,$0.00 ,$8.85 ,Cash,0,0
175bcf3147463e70f9c9bc1e9af1c0e60bd6c86e,7/20/2017 14:00,1.9,,,9.25,$0.00 ,$0.00 ,$0.00 ,$9.25 ,Cash,0,0
17c12edebf957d7e78c31fef3808456debe078e6,6/5/2017 20:45,17.4,8,76,42.5,$8.60 ,$0.00 ,$0.00 ,$51.60 ,Credit Card,1,1
182756c594d4583b47a308bf7557d328a1c10618,11/28/2015 17:45,4.1,,,11.65,$0.00 ,$0.00 ,$2.00 ,$13.65 ,Cash,0,0
18390f1755fefd81a5e37b32a61c58d3f73e1cee,9/9/2013 9:00,5.2,,,14.85,$0.00 ,$0.00 ,$0.00 ,$14.85 ,Credit Card,1,0
187e6f90ec0ff5dfd24c9ccbe5cfd1d5a3c54976,7/28/2017 12:30,2.3,32,8,10.25,$5.00 ,$0.00 ,$0.00 ,$15.75 ,Credit Card,1,0
188d45094f5c211657d47162793a51d86fd635e8,8/20/2013 20:15,0.17,,,7.25,$0.00 ,$0.00 ,$0.50 ,$7.75 ,Cash,0,0
1929171de672096d38fa13b78585798783360809,3/17/2013 21:00,0.8,,,5.25,$0.00 ,$0.00 ,$0.00 ,$5.25 ,Cash,0,0
196cca01caf981f53cecaad53e3e701b9bd95bd3,2/5/2016 11:15,1.3,,,6.25,$2.00 ,$0.00 ,$0.00 ,$8.25 ,Credit Card,1,0
1a290c4e268d3657616b900408733f872d7d3f95,7/22/2017 23:00,4.9,8,6,16.5,$3.70 ,$0.00 ,$1.50 ,$22.20 ,Credit Card,1,0
1a70ec2a44bf1f0c1c6afb5de513790fec019d59,6/23/2016 21:15,11.8,,,31,$7.00 ,$0.00 ,$4.00 ,$42.00 ,Credit Card,1,1
1a85ab3e66a60aa14892979581173215cf4df8f1,6/16/2014 11:30,3.2,,,9.44,$3.00 ,$0.00 ,$1.00 ,$13.44 ,Credit Card,1,0
1abbce908d6e96b411c91ba55224126b55b56ee1,8/15/2016 15:00,0.6,,,4.75,$0.00 ,$0.00 ,$0.00 ,$4.75 ,Cash,0,0
1b2ec7d662195214c3e93dc095cea0f7989e817b,7/15/2017 1:30,1.01,32,8,5.75,$0.00 ,$0.00 ,$0.00 ,$5.75 ,Cash,0,0
1c1e88469dc15113133b3f549f488fcd60a70198,12/25/2014 0:30,11.4,,,28.25,$0.00 ,$0.00 ,$4.00 ,$32.25 ,Cash,0,0
1c69161dc770955e2b700c3d217d3624c9d91bd8,7/31/2017 11:00,2.1,7,32,9.5,$0.00 ,$0.00 ,$1.00 ,$10.50 ,Cash,0,0
1c7952c873ec1375ec3171a84b5a3106d7b7a173,10/8/2015 15:00,1.5,,,7.25,$3.00 ,$0.00 ,$0.00 ,$10.25 ,Credit Card,1,0
1c9c12e786207b9ce85bd6e59a5741110d0b94b8,4/8/2014 7:45,0.6,,,4.65,$0.00 ,$0.00 ,$0.00 ,$4.65 ,Cash,0,0
1cac33542f9c86b633335388d3d299b0e8c0ca39,3/2/2016 21:00,0.4,,,4.25,$1.00 ,$0.00 ,$1.00 ,$6.25 ,Credit Card,1,0
1d3c1e32b3e65289864a1e97cdca73353f8ae02b,8/26/2013 21:30,0.1,,,5.65,$0.00 ,$0.00 ,$0.00 ,$5.65 ,Cash,0,0
1d8483a482e9fc63f5e2c277e796af844945b550,6/29/2017 23:00,3.1,32,7,12,$1.50 ,$0.00 ,$0.00 ,$13.50 ,Credit Card,1,0
1e8dd247fe2aca8a8afaf9dc42c4146e581ed63d,4/10/2016 16:30,2.5,,,10.5,$3.00 ,$0.00 ,$0.00 ,$13.50 ,Credit Card,1,0
1ed9d14829ba21e833144d91739665faa8e89004,4/13/2017 15:30,0.7,,,6,$2.00 ,$0.00 ,$0.00 ,$8.50 ,Credit Card,1,0
1f50cd56883ec94f6eaa6a106bc36fd4ca1cb27f,8/22/2013 12:15,0.5,,,5.45,$0.00 ,$0.00 ,$0.00 ,$5.45 ,Cash,0,0
1f71977c622d06796a6b7b50fc34440f391aad23,9/29/2013 4:15,4.6,,,11.85,$0.00 ,$0.00 ,$7.00 ,$18.85 ,Cash,0,0
1fff55d887305cf1bc1fed5e91150ee06db44e2b,10/21/2015 9:00,18.1,,,39.45,$10.36 ,$0.00 ,$2.00 ,$51.81 ,Credit Card,1,1
2028a5bc082b41356491243272394cde071f40dd,7/12/2013 14:00,0.5,,,5.45,$1.00 ,$0.00 ,$0.00 ,$6.45 ,Credit Card,1,0
204320b58ec01baaffa2b78f558e5fe9451e6914,7/20/2014 17:00,1.3,,,6.05,$2.00 ,$0.00 ,$0.00 ,$8.05 ,Credit Card,1,0
204c8fcde386b991d99bba92ae92fde3d68be84d,2/20/2015 18:45,3.1,,,10.25,$0.00 ,$0.00 ,$0.00 ,$10.25 ,Cash,0,0
205f5f698842f6c315fc386c6ef040c4027ed68a,7/19/2017 15:15,0.6,32,32,4.75,$0.00 ,$0.00 ,$0.00 ,$4.75 ,Cash,0,0
2167b051305ef6f2028f634c4e65f6da0727eefd,4/18/2014 16:30,1.3,32,32,7.85,$0.00 ,$0.00 ,$1.00 ,$8.85 ,Cash,0,0
218caff56b73b751799a493a34d631b89706573b,4/9/2013 8:45,1.2,,,6.45,$1.00 ,$0.00 ,$0.00 ,$7.45 ,Credit Card,1,0
21c38f26a2caa7abd895eee31551faa8b105269b,4/4/2016 16:00,1.8,,,9.25,$0.00 ,$0.00 ,$0.00 ,$9.25 ,Credit Card,1,0
21e7e86eefbd5690e40b5265ddb992e2737b5895,5/31/2013 17:45,1.7,,,8.44,$0.00 ,$0.00 ,$0.00 ,$8.44 ,Cash,0,0
22669305953e6391c0d4fa1b3e727fa48035230b,8/2/2014 9:45,0.1,,,5.45,$0.00 ,$0.00 ,$2.00 ,$7.45 ,Cash,0,0
231609e807bbabbd1fcd29cb1bce3cf9237f1a30,5/19/2015 19:15,13.1,,,27.85,$0.00 ,$0.00 ,$3.00 ,$30.85 ,Credit Card,1,0
238c4a22ece78acad5719aae1b6e04a9fd141d75,7/9/2013 10:45,0.51,,,13.65,$0.00 ,$0.00 ,$0.00 ,$13.65 ,Cash,0,0
2391596907d0075a488264cc8468b98cf0c2b5dd,5/21/2016 2:15,1.6,,,8.25,$3.00 ,$0.00 ,$1.00 ,$12.75 ,Credit Card,1,0
2414ae6f322fbb9664a9c60825f2a4ce5ea5ed10,5/21/2016 20:00,0.9,,,6.25,$0.00 ,$0.00 ,$0.00 ,$6.25 ,Cash,0,0
24200d3d451375789024e738cc09c7f6df0795d0,6/28/2017 19:30,1.6,,,8.75,$2.00 ,$0.00 ,$0.00 ,$11.25 ,Credit Card,1,0
243885ca18dd0a1eae8a009afc9ccc86f1697b13,6/2/2013 16:00,1.8,,,7.05,$0.00 ,$0.00 ,$0.00 ,$7.05 ,Cash,0,0
245c160feda0dac691d03b6d4f3742e43575bcd8,10/8/2014 3:00,9.1,6,27,21.25,$0.00 ,$0.00 ,$0.00 ,$21.25 ,Cash,0,0
245db8030f538ad2e9ba6ed17529968609a06c74,1/20/2017 22:30,1.1,,,6,$0.00 ,$0.00 ,$1.00 ,$7.00 ,Cash,0,0
246c1f3fd7c8712549d05171dfc2266b1873910a,9/11/2013 20:00,2.3,,,8.05,$0.00 ,$0.00 ,$0.00 ,$8.05 ,Cash,0,0
248b6d2baf66d1fba1eb684b207d2b649a3a3b39,4/22/2014 22:15,3.9,,,10.85,$0.00 ,$0.00 ,$1.00 ,$11.85 ,Cash,0,0
249feb0c7a28daa05d3649e60106d9a8a11f7d9c,7/25/2017 14:00,1,,,6.5,$1.00 ,$0.00 ,$0.00 ,$8.00 ,Credit Card,1,0
2529ea897a56f2b1c653ad11d1e740b4a6664a43,8/25/2014 5:30,5,,,15.45,$0.00 ,$0.00 ,$0.00 ,$15.45 ,Cash,0,0
253115891c1a9d30d0eb04d10cafaa950fc94207,6/23/2017 18:45,0.9,32,32,6.75,$0.00 ,$0.00 ,$3.50 ,$10.25 ,Cash,0,0
25c2c1da6d9ed672866fdfd8a877ca3e60f4030a,6/2/2016 22:15,0.5,,,4.5,$3.00 ,$0.00 ,$0.00 ,$8.00 ,Credit Card,1,0
265edf3995610364d2699376b7eaad4321bf582d,3/23/2015 16:45,17.8,,,35.65,$7.53 ,$0.00 ,$2.00 ,$45.18 ,Credit Card,1,1
269f623d84bb43aed6c9a4496d24a71bca947481,1/5/2014 18:30,1.2,,,6.05,$4.00 ,$0.00 ,$1.00 ,$11.05 ,Credit Card,1,0
26a1c4ca0ba21b6b0be7fff6c8c8e1052aed1400,10/19/2013 17:15,3.8,,,13.05,$0.00 ,$0.00 ,$0.00 ,$13.05 ,Cash,0,0
26c5e4a50102083d7b25b1dde6cddaa9e04e587d,5/20/2013 0:15,19.49,,,39.65,$0.00 ,$0.00 ,$0.00 ,$39.65 ,Cash,0,0
26c8b119225f870d891eac34272ce4ed4bc6e6c5,6/23/2017 7:00,7.04,31,6,22,$4.50 ,$0.00 ,$0.00 ,$27.00 ,Credit Card,1,0
26d395b64ebb159979ed85e0ab276aab4bfa1930,1/8/2013 19:45,14,,,32.45,$0.00 ,$0.00 ,$2.00 ,$34.45 ,Cash,0,0
27228b5a1fe7dc51341e81fd4a52bcad5ae74fc8,2/15/2013 8:30,0.5,,,4.45,$0.00 ,$0.00 ,$0.00 ,$4.45 ,Cash,0,0
28194e3f84230f7b5f5732e98041eef1ac225f88,7/18/2017 10:00,2,8,32,11,$5.00 ,$0.00 ,$0.00 ,$16.00 ,Credit Card,1,0
289fb7ce8713d208f559998cb1d7bad25194919a,6/12/2013 18:30,3.2,,,13.65,$0.00 ,$0.00 ,$1.00 ,$14.65 ,Cash,0,0
28f4db038b80fccc2066e6a61d78450dfc6c852f,6/30/2017 19:15,4.4,6,8,15.75,$4.70 ,$0.00 ,$0.00 ,$20.45 ,Credit Card,1,0
2962b75202f4eb6bdef1d9c424c785c32ced8e7a,1/15/2016 17:45,1.2,,,7.75,$0.00 ,$0.00 ,$0.00 ,$7.75 ,Cash,0,0
29b336a6de37ee3fc7c0f99648e564464bb63db5,10/5/2015 16:15,1,,,5.85,$2.00 ,$0.00 ,$1.00 ,$8.85 ,Credit Card,1,0
2a27a41adda5728e01485c46ad2cd3d3484fe6d0,1/15/2014 17:30,2.4,,,10.65,$2.00 ,$0.00 ,$0.00 ,$12.65 ,Credit Card,1,0
2a33f4bfae15589110acc5965a1fa18c090060ed,6/16/2013 0:30,4.8,,,12.45,$0.00 ,$0.00 ,$0.00 ,$12.45 ,Cash,0,0
2a60b51683bda508d905c42e61ca1ddcf1a1e61e,1/4/2016 22:00,0.1,,,3.5,$0.00 ,$0.00 ,$0.00 ,$3.50 ,Cash,0,0
2a73a973d902141a6c66d5492769faf436f31e1d,7/29/2014 20:00,0.6,,,4.65,$1.00 ,$0.00 ,$0.00 ,$5.65 ,Credit Card,1,0
2b168f5c2d05d64d53979123b00ff0ca90c0344b,8/2/2013 14:15,1.9,,,9.65,$0.00 ,$0.00 ,$1.00 ,$10.65 ,Cash,0,0
2b320c05205ed3eb660f6a4e46ca199846ae3270,6/26/2017 17:45,10.2,56,28,30.25,$6.85 ,$0.00 ,$4.00 ,$41.10 ,Credit Card,1,1
2b38804a3edcfb564fc76a99ba69de4687a7a460,5/29/2014 15:30,2.5,,,9.85,$0.00 ,$0.00 ,$0.00 ,$9.85 ,Cash,0,0
2c2a6af5c9bd648b846eac104413139608659db5,6/1/2017 19:30,4.6,8,6,16.25,$3.25 ,$0.00 ,$0.00 ,$20.00 ,Credit Card,1,0
2d43bc885e51098b5917be83ca7a07b36c6f6dde,8/6/2015 0:15,5.2,,,13.45,$0.00 ,$0.00 ,$0.00 ,$13.45 ,Cash,0,0
2d472229269683415e7864f42e164ae3e9e11801,8/27/2016 13:15,5.8,,,17.5,$0.00 ,$0.00 ,$0.00 ,$17.50 ,Cash,0,0
2de19a7397c6413943180c6c4a77938ef2ed2f57,8/30/2015 15:00,17.1,,,36.04,$7.61 ,$0.00 ,$2.00 ,$45.65 ,Credit Card,1,1
2e218e3a929812a496e0b1c10f9eccac5d3931de,8/29/2016 10:30,1.3,,,7.25,$0.00 ,$0.00 ,$0.00 ,$7.25 ,Cash,0,0
2eeccb63beff52365d626d4445cf4e428aea054c,3/8/2013 2:30,5.04,,,12.85,$0.00 ,$0.00 ,$0.00 ,$12.85 ,Cash,0,0
2f2a47e99dfe9c20985bed37ee052122c6011827,6/17/2016 11:30,1.2,,,9.25,$2.00 ,$0.00 ,$0.00 ,$11.75 ,Credit Card,1,0
2faaa98a1b95ed18300236c40b8967da0a11c4b9,11/3/2015 15:45,2,,,8.25,$2.00 ,$0.00 ,$0.00 ,$10.25 ,Credit Card,1,0
2fb0424fbca184965d109f040810c601d6615bf9,3/13/2016 18:00,3.4,,,12,$2.00 ,$0.00 ,$0.00 ,$14.00 ,Credit Card,1,0
2fb310953f8e749a96f2537793359c1861cbd455,6/29/2017 20:30,0.6,32,8,5.25,$0.00 ,$0.00 ,$0.00 ,$5.25 ,Cash,0,0
300d44afe8fcd76bcc7bfd9c4f1a8550decbb19d,10/4/2013 13:45,4,,,12.45,$0.00 ,$0.00 ,$0.00 ,$12.45 ,Cash,0,0
302082ee8713662eaa6d3931cc5c99b86f56db6d,7/27/2017 9:15,0.9,,,7,$2.00 ,$0.00 ,$0.00 ,$9.00 ,Credit Card,1,0
308377d2d6230490bd8d2f0427bbe274b7cd41d8,10/27/2013 2:00,1,,,5.45,$2.00 ,$0.00 ,$0.00 ,$7.45 ,Credit Card,1,0
31385dce262cfe53fa15adbb3ebb102bec3ab66e,5/4/2013 3:45,1.1,,,6.25,$1.00 ,$0.00 ,$1.50 ,$8.75 ,Credit Card,1,0
31b38e14a57e01813c0737668fd430aeebd0af9b,6/6/2017 1:30,0.4,8,32,4.5,$3.00 ,$0.00 ,$1.00 ,$8.50 ,Credit Card,1,0
32644b0e14a75782733e0e433b68ddb4651626ab,8/26/2013 12:15,8.1,,,18.85,$0.00 ,$0.00 ,$0.00 ,$18.85 ,Cash,0,0
32f03e42ce34d8fcea4a45ee4cc847ef32202aec,11/18/2013 8:15,1.8,,,38.45,$8.29 ,$0.00 ,$3.00 ,$49.74 ,Credit Card,1,1
33e3bcceac59edd2b187e50b2d8c6fa01e57ac92,4/1/2017 21:30,1.5,,,7,$0.00 ,$0.00 ,$1.00 ,$8.00 ,Cash,0,0
3436996d66dde542b88010f210a789d5d0d990ee,11/16/2016 19:45,2.9,32,7,11.75,$0.00 ,$0.00 ,$0.00 ,$11.75 ,Cash,0,0
34a885931c021d000acde836fe56f5020c036fee,4/10/2014 6:45,2.7,,,8.44,$2.00 ,$0.00 ,$0.00 ,$10.44 ,Credit Card,1,0
3531ae2b208287cf9ec09add5ccf685b502742d0,8/2/2016 10:45,9.2,,,24.75,$6.05 ,$0.00 ,$5.00 ,$36.30 ,Credit Card,1,1
353bc42b53e9d48b762a645778f37d1e44ce6a4b,6/6/2017 20:45,1.9,28,8,8.75,$4.00 ,$0.00 ,$1.00 ,$13.75 ,Credit Card,1,0
362ade575983a89905deac42c4d0cee7cafb6837,2/20/2016 19:00,0.7,,,5,$2.00 ,$0.00 ,$1.00 ,$8.00 ,Credit Card,1,0
36875dbc2d42df9fbab6746e25e4f3381d025063,5/11/2017 23:30,0.8,,,5.25,$3.00 ,$0.00 ,$2.00 ,$10.75 ,Credit Card,1,0
38118076dba33de3058ddfb7125e244904b864bd,7/1/2017 14:00,2.3,7,8,10.25,$0.00 ,$0.00 ,$1.00 ,$11.25 ,Cash,0,0
3818f0d877f19c64fc9f6e68aaba2eea987ebdf7,6/17/2017 19:30,1,8,32,5.75,$0.00 ,$0.00 ,$2.00 ,$7.75 ,Cash,0,0
387fa9990090fa5dcdbd93e9f9d045d1378de086,9/1/2013 21:00,0.7,,,5.65,$0.00 ,$0.00 ,$1.00 ,$6.65 ,Cash,0,0
38c1269127d51697b74b4c476e5977c39ca5432e,8/6/2015 17:45,2.7,,,11.25,$0.00 ,$0.00 ,$1.00 ,$12.25 ,Cash,0,0
38cf5b06bcb1f7b1ee1b7f30aa1d0ba8307a5f0c,3/2/2013 2:00,4.7,,,13.25,$0.00 ,$0.00 ,$1.00 ,$14.25 ,Cash,0,0
38d7394b0d7e0e55cd7692e3b3a315ea0d108f3c,11/16/2014 3:00,0.8,,,4.05,$0.00 ,$0.00 ,$7.50 ,$11.55 ,Cash,0,0
38e584c2f2cffb131061ab395b4f7151ffa5de7a,9/12/2015 0:00,1.3,,,5.85,$0.00 ,$0.00 ,$2.00 ,$7.85 ,Cash,0,0
3903c0f4920f883caacb8ed16c9ab02a61d84150,7/13/2017 13:30,0.7,32,32,6.5,$0.00 ,$0.00 ,$0.00 ,$6.50 ,Cash,0,0
396cca74738f40ad628282d23ca21a942a272748,10/3/2015 20:30,0.49,,,15.25,$2.51 ,$0.00 ,$1.50 ,$19.26 ,Credit Card,1,0
39e89ae36bd8672bd52cece4ae94393b9c081d8d,10/23/2014 13:00,12.6,,,27.05,$0.00 ,$0.00 ,$2.00 ,$29.05 ,Cash,0,0
3a0972a444412cfcb0e382c03964703d537b4c1e,3/18/2017 17:30,1.3,,,6.25,$5.00 ,$0.00 ,$0.00 ,$11.75 ,Credit Card,1,0
3a317dea49a5306a1d9c81a97b9405d6e4d91b0d,1/17/2014 20:30,4.4,,,14.05,$0.00 ,$0.00 ,$0.00 ,$14.05 ,Cash,0,0
3ad502efe7681e1ec1a0339e8eba500d13747f72,1/23/2017 6:15,13,,,33,$0.00 ,$0.00 ,$0.00 ,$33.00 ,Cash,0,0
3b049bdf1b8785784b60aadaa1ad98c81f14d342,7/30/2015 18:15,1.4,,,7.85,$2.00 ,$0.00 ,$0.00 ,$9.85 ,Credit Card,1,0
3b1ec7b1a62f975a07583e3f9e7b14ca4b197f8d,5/30/2014 20:15,0.7,,,3.65,$0.00 ,$0.00 ,$0.00 ,$3.65 ,Cash,0,0
3be6d531d54eff5d0634d7c7fb33d1f347fb51d4,8/27/2013 23:45,3.4,,,10.25,$0.00 ,$0.00 ,$0.00 ,$10.25 ,Cash,0,0
3cba7706d78499b94a6ed3c97166b8e6e8ef5a3e,3/29/2014 19:45,0.13,,,6.05,$1.51 ,$0.00 ,$1.50 ,$9.06 ,Credit Card,1,0
3cd7e7755b098454f0fb146705594c37eed82902,9/24/2015 18:00,17.6,,,41.05,$0.00 ,$0.00 ,$3.00 ,$44.05 ,Cash,0,0
3d1165b52d3eff7ef7c898d41f85243ac7355750,7/22/2014 10:00,0.9,,,5.25,$0.00 ,$0.00 ,$1.00 ,$6.25 ,Cash,0,0
3d234c5adbba5670eb2fd8367a79d9262e971f72,6/23/2015 0:15,1.96,8,32,7.25,$4.00 ,$0.00 ,$0.00 ,$11.25 ,Credit Card,1,0
3dacaa0eb52483931848d53094d490e4f4bdeb0e,7/16/2017 2:45,0.5,32,33,4.75,$2.00 ,$0.00 ,$1.00 ,$8.25 ,Credit Card,1,0
3e35777986075b208b0340934d4361bfe1d1944a,3/24/2016 23:00,0.7,,,5.25,$0.00 ,$0.00 ,$1.00 ,$6.25 ,Cash,0,0
3ea0b602498251c7b7f6321e17b9c4439f782e7d,2/19/2013 9:30,0.6,,,4.84,$0.00 ,$0.00 ,$0.00 ,$4.84 ,Cash,0,0
3ee52b9c0944923883b077905d2c9394a0f76069,3/14/2013 23:45,2.93,,,9.25,$3.00 ,$0.00 ,$1.00 ,$13.25 ,Credit Card,1,0
402fdc70eb62b1a1ea70bf2e991b97c237bc9720,3/3/2013 2:45,0.9,,,5.65,$0.00 ,$0.00 ,$0.00 ,$5.65 ,Cash,0,0
40a1a0c94dcb0d7943a96fef1bcc81f14f65f899,7/13/2017 19:00,2.1,32,33,8.75,$2.00 ,$0.00 ,$0.00 ,$10.75 ,Credit Card,1,0
40ce22743a0da53b4acd4a2d9f2952d63e0ce47e,4/8/2016 7:45,2.6,,,10,$0.00 ,$0.00 ,$0.00 ,$10.00 ,Cash,0,0
40d1b2d7fac59d20f13fa7b961e3c6a7479eddbe,4/3/2016 18:00,0.77,8,8,7.25,$0.00 ,$0.00 ,$1.00 ,$8.25 ,Cash,0,0
414799b689282b28eb58180da0650ad907b6a725,6/23/2017 18:15,4.29,32,31,15.25,$0.00 ,$0.00 ,$1.50 ,$16.75 ,Cash,0,0
4172862db803073f1e9464fd29e9135c2fc22a33,2/10/2016 21:15,0.3,,,4.25,$0.00 ,$0.00 ,$1.00 ,$5.25 ,Cash,0,0
41e03d698829c0344080c5543cb0369fe7270d77,3/23/2015 12:30,3.9,,,11.45,$0.00 ,$0.00 ,$0.00 ,$11.45 ,Cash,0,0
4213e9d58770139f3131ce8e1538ed5cdd3398a6,7/20/2013 21:15,11.4,,,5.65,$0.00 ,$0.00 ,$0.00 ,$5.65 ,Cash,0,0
425295e80373a6717862541e67069b64775d4787,3/2/2016 8:45,1.7,,,10.75,$1.00 ,$0.00 ,$0.00 ,$11.75 ,Credit Card,1,0
4271856c93c03932bb7e739a6df132422fca9b97,5/18/2016 21:30,0.9,,,6,$0.00 ,$0.00 ,$1.00 ,$7.00 ,Cash,0,0
429eb77e2552c590ed8c9fb2f4d63c12154e4fc4,7/13/2017 7:15,1.2,32,8,7,$0.00 ,$0.00 ,$0.00 ,$7.00 ,Cash,0,0
434cbada9b639be89667813d6b6ddda8528db852,2/11/2013 8:00,2,,,7.85,$3.00 ,$0.00 ,$0.00 ,$10.85 ,Credit Card,1,0
438d6ad84e89969b747d217f1186439d2a54f9a4,7/19/2017 11:00,2.1,,,9,$0.00 ,$0.00 ,$0.00 ,$9.00 ,Cash,0,0
439e14d4107e1ad51efc513de5bf1ad4ef306415,1/11/2013 8:30,2.5,,,9.44,$0.00 ,$0.00 ,$0.00 ,$9.44 ,Cash,0,0
43dabd99069f22056e456aa86d072371c1feeee2,10/24/2014 20:00,14,,,30.45,$6.49 ,$0.00 ,$2.00 ,$38.94 ,Credit Card,1,1
43dcf7ffb3259d4ca9b92b7a25e70be592efe0d0,3/16/2014 19:15,0.6,,,4.84,$0.00 ,$0.00 ,$1.00 ,$5.84 ,Cash,0,0
443a98226ca4e3d7d2bfc536eec32edbb82388fe,6/3/2015 1:15,29.6,,,57.25,$18.56 ,$0.00 ,$17.00 ,$92.81 ,Credit Card,1,1
44a8db586e6953ac61ea2d81ddcfafddbdaac692,12/10/2016 2:00,7.1,,,20,$0.00 ,$0.00 ,$1.00 ,$21.00 ,Cash,0,0
44b7178201896fea5cfe5a005c7a5a19ec6c5c42,9/12/2013 11:45,0.5,,,5.05,$3.00 ,$0.00 ,$0.00 ,$8.05 ,Credit Card,1,0
473ebd7b7f7bc0a1de84e5a4aaec84f23740ee73,12/29/2015 19:15,16.9,,,35.45,$7.79 ,$0.00 ,$3.50 ,$46.74 ,Credit Card,1,1
4768f21ea53a722700b66089346ff0e3d51cb95d,3/12/2017 1:00,0.5,,,4.5,$2.00 ,$0.00 ,$1.50 ,$8.50 ,Credit Card,1,0
4797012e3f721e63517d2213d2544307a9410076,1/9/2017 7:00,16.2,,,41.5,$9.10 ,$0.00 ,$4.00 ,$55.10 ,Credit Card,1,1
47c0d274e669721f526f7770917e18019ac014a5,6/9/2016 19:30,2.1,,,10,$0.00 ,$0.00 ,$0.00 ,$10.00 ,Cash,0,0
47ead5095ed8a515544df5560ac2f4e5754dcda3,7/14/2017 18:15,9.75,8,1,27,$5.50 ,$0.00 ,$0.00 ,$33.00 ,Credit Card,1,1
47f06c40b9a806b4358b723481e076f09f9f3984,5/7/2013 7:30,1.9,8,32,7.05,$0.00 ,$0.00 ,$0.00 ,$7.05 ,Cash,0,0
48760c1dd3deddf40099726746375e777357c854,6/20/2017 4:45,1.2,23,24,6.25,$3.00 ,$0.00 ,$1.00 ,$10.25 ,Credit Card,1,0
488ae0523f7b8e61f8f1c2df911a172861c7d172,9/17/2013 19:00,3,,,9.25,$0.00 ,$0.00 ,$0.00 ,$9.25 ,Cash,0,0
495d68b6b7b31c123971b53f705c5e7760da1be3,7/18/2014 18:45,1.1,,,5.85,$0.00 ,$0.00 ,$1.00 ,$6.85 ,Cash,0,0
498434ea0c9f5914b7f256f54d36b376de34f93e,3/20/2015 22:30,0.7,,,5.25,$0.00 ,$0.00 ,$1.00 ,$6.25 ,Cash,0,0
4a3735972ec27b830d3c2db700c295b7ad223b67,8/13/2015 16:45,12.9,,,31.45,$6.79 ,$0.00 ,$2.50 ,$40.74 ,Credit Card,1,1
4a97324ad59613bb2b6916c0d60947a5a42aa61e,4/29/2017 18:45,2.8,,,13,$2.00 ,$0.00 ,$1.00 ,$16.50 ,Credit Card,1,0
4af08a84da1617f4a9b8c318cf871933b5c5ad73,8/10/2016 7:45,1.7,,,8.75,$2.00 ,$0.00 ,$0.00 ,$11.25 ,Credit Card,1,0
4b08a0303e486d4b1002c9ac50d26830410ccd62,7/18/2017 12:45,1,8,32,6.5,$0.00 ,$0.00 ,$0.00 ,$6.50 ,Cash,0,0
4b7a34a8c5b18394c9d7552fb4eeebbdd97ca4a2,4/14/2016 2:00,2.8,,,9.05,$0.00 ,$0.00 ,$0.00 ,$9.05 ,Cash,0,0
4b952ab9c152653c1f084446efbb54eb0cd029a4,6/7/2017 22:30,0.7,76,,30.75,$10.25 ,$0.00 ,$20.50 ,$61.50 ,Credit Card,1,1
4bc5693e5fd05a693c7ae985412d8708ef043b4a,9/26/2013 10:30,1.4,,,6.85,$0.00 ,$0.00 ,$0.00 ,$6.85 ,Cash,0,0
4d767c06e26938d53ddfe01e0e4ad444a8e61174,4/18/2014 23:30,2.4,,,8.05,$0.00 ,$0.00 ,$0.00 ,$8.05 ,Cash,0,0
4d8fa147a0210e1b38fbf0d2ba82cfc905596c21,11/27/2016 11:15,1.6,,,7.75,$3.00 ,$0.00 ,$0.00 ,$10.75 ,Credit Card,1,0
4f0a92d61c7b9794236b78156c1c440c20e47999,6/15/2013 11:45,0.84,,,21.45,$0.00 ,$0.00 ,$0.00 ,$21.45 ,Cash,0,0
4f66235948cb0620f90ae4726d80f23d5def2224,12/7/2013 0:30,5.12,,,13.45,$0.00 ,$0.00 ,$1.00 ,$14.45 ,Cash,0,0
4fd46163978c85daa4b7f04f8664baf2a3cf53e4,7/8/2017 11:30,0.9,,32,6.75,$0.00 ,$0.00 ,$3.00 ,$9.75 ,Cash,0,0
501c97174202f67b4254af9c43266f8e7cc896b0,6/7/2014 0:30,1.3,,,6.05,$0.00 ,$0.00 ,$0.00 ,$6.05 ,Cash,0,0
5030fda43127d635d8dbd27dfdc49c9fd0296ef1,6/25/2017 23:00,0.3,32,22,15.5,$0.00 ,$0.00 ,$0.00 ,$15.50 ,Cash,0,0
506515b79273c4ed0d76325f60d8c95f72e929e2,1/19/2016 14:45,3.5,,,10.65,$0.00 ,$0.00 ,$0.00 ,$10.65 ,Cash,0,0
5073f20e6732036b5085827cd0e687484bec2b4b,8/13/2015 19:15,7.5,,,18.64,$0.00 ,$0.00 ,$0.00 ,$18.64 ,Cash,0,0
5146d434b19408a7b36e71e57f99724f8d59955c,4/20/2017 18:15,2.1,28,8,11.75,$0.00 ,$0.00 ,$0.00 ,$11.75 ,Cash,0,0
5150b9707f413cd8c7eecae63b77c4c2e274842d,9/21/2013 1:15,5.36,,,14.05,$0.00 ,$0.00 ,$1.50 ,$15.55 ,Cash,0,0
51c4c07bad4b00dbf59c8a43cd91955c7d0503b9,8/28/2014 22:30,17.2,,,35.85,$7.55 ,$0.00 ,$2.00 ,$45.40 ,Credit Card,1,1
51c955387532aa69cfa39d3829bc35cc528a7481,4/28/2017 17:00,2.4,,,10.5,$0.00 ,$0.00 ,$0.00 ,$10.50 ,Cash,0,0
524add030e57fb4eb3176e2baee9d9b3590f193e,1/12/2016 15:15,0.7,,,5.25,$0.00 ,$0.00 ,$1.00 ,$6.25 ,Cash,0,0
52783cac9fa9eb2b14c4c02bc2b3b6102e8d7e3c,6/29/2017 22:15,7.74,8,77,21.25,$0.00 ,$0.00 ,$0.00 ,$21.75 ,Credit Card,1,0
5491f4437e46ba2d68bde5541763971b0b7a4ce6,10/25/2013 0:00,8.6,,,19.85,$0.00 ,$0.00 ,$0.00 ,$19.85 ,Credit Card,1,0
54f342308c07273dca32588751d786e1a97d9eee,3/24/2016 20:00,4.3,,,12.25,$0.00 ,$0.00 ,$0.00 ,$12.25 ,Cash,0,0
56f8b651c06da7babbfa0f8b4f94104387e610cb,9/15/2014 8:30,1.1,,,5.85,$0.00 ,$0.00 ,$0.00 ,$5.85 ,Cash,0,0
573863558243b226552bb8854039201c3664cf6f,8/14/2014 12:30,18,,,38.04,$8.41 ,$0.00 ,$4.00 ,$50.45 ,Credit Card,1,1
5752083ba62187577a4e66c0b81442501b95b3d7,6/27/2013 16:30,2.2,,,9.25,$0.00 ,$0.00 ,$0.00 ,$9.25 ,Cash,0,0
580c5e22b07a9995dbd1fe49a0cb5bb119cab65c,6/28/2017 13:00,0.5,8,41,23.25,$0.00 ,$0.00 ,$0.00 ,$23.25 ,Cash,0,0
58b9782ac749c52e1d91ab6ee22d32052b9843d8,5/30/2015 20:45,0.5,,,4.05,$0.00 ,$0.00 ,$0.00 ,$4.05 ,Cash,0,0
590c5afe5936172e90eab003f4b580cae5dcd76a,7/5/2013 17:30,0.5,,,4.05,$2.00 ,$0.00 ,$1.00 ,$7.05 ,Credit Card,1,0
5984f6b3f22d413ffd5db57c51ef3058c12f0a8c,9/17/2015 7:00,2.2,,,9.85,$0.00 ,$0.00 ,$0.00 ,$9.85 ,Cash,0,0
59dea7032913d655a316bae39490b325af91d97a,7/6/2014 2:15,0.7,,,4.25,$0.00 ,$0.00 ,$0.00 ,$4.25 ,Cash,0,0
59fff6b89bc24d987acb8151886ef6f88d99e484,10/10/2013 19:00,1.4,,,6.65,$0.00 ,$0.00 ,$0.00 ,$6.65 ,Cash,0,0
5b0744af23f28da7632da426d9511f5324efa5dc,6/19/2017 20:45,17.6,76,8,43.25,$9.45 ,$0.00 ,$4.00 ,$57.20 ,Credit Card,1,1
5b1c5108a520a9a3bca4a42ff60657e1e647ad86,7/28/2015 17:30,2.5,,,9.25,$2.00 ,$0.00 ,$0.00 ,$11.25 ,Credit Card,1,0
5b4c21a324fcc0b4a931fd2b82914025c88b512e,4/23/2015 8:00,1.6,,,7.65,$3.00 ,$0.00 ,$0.00 ,$10.65 ,Credit Card,1,0
5b5d1aa8c3e379f361c9298ea814477418a7485d,11/14/2015 9:15,2.9,,,12.65,$0.00 ,$0.00 ,$0.00 ,$12.65 ,Cash,0,0
5b6b42f313ad9c80ee49c41f5f154587c910fbb0,4/1/2016 13:15,3,,,12.25,$2.00 ,$0.00 ,$0.00 ,$14.25 ,Credit Card,1,0
5b809a087428e5eae5ca6907d42d74512738d280,4/9/2013 15:00,0.2,,,2.85,$0.00 ,$0.00 ,$0.00 ,$2.85 ,Cash,0,0
5c0fc127f097ff94a21378d3c83e2cf559c61452,3/19/2013 19:30,0.7,,,5.65,$0.00 ,$0.00 ,$0.00 ,$5.65 ,Cash,0,0
5de5249ed49c4f4b518d7859731cebe3e31b62d7,4/6/2013 1:30,3.12,,,9.85,$0.00 ,$0.00 ,$3.00 ,$12.85 ,Credit Card,1,0
5efadd600b34827ba519c6fb7ee620a13bebd8db,10/13/2015 14:00,2.6,,,9.44,$0.00 ,$0.00 ,$0.00 ,$9.44 ,Cash,0,0
5f5fb18de74210a466860a11f8d82a5c7073fd8e,8/31/2016 12:15,3,,,10.75,$0.00 ,$0.00 ,$0.00 ,$10.75 ,Cash,0,0
5fb89f13e9b8cdc2c57239b8e58f07d76685d145,10/21/2013 20:15,8.7,,,26.25,$0.00 ,$0.00 ,$0.00 ,$26.25 ,Cash,0,0
60bbb411ccaff301118791b2dc2806bd1d319ae7,12/10/2013 15:00,3.6,,,11.05,$3.00 ,$0.00 ,$0.00 ,$14.05 ,Credit Card,1,0
62c37559493a3e2b396b5035d3a9ed398cbb6db6,9/15/2014 9:30,14.5,,,33.45,$0.00 ,$0.00 ,$2.00 ,$35.45 ,Cash,0,0
637b5a0401a0c2276b1501eba0227387b0a3f553,5/14/2015 16:00,0.2,,,3.65,$0.00 ,$0.00 ,$0.00 ,$3.65 ,Cash,0,0
63f6e3479f0324520407ece729d077e6af05a81c,9/21/2014 0:00,2.1,,,8.05,$0.00 ,$0.00 ,$0.00 ,$8.05 ,Cash,0,0
64232e760818d54b0e7533c4cbc55501fcccb9ff,11/1/2015 14:45,1.6,,,7.65,$2.00 ,$0.00 ,$1.00 ,$10.65 ,Credit Card,1,0
648a8f3b6c67d2193390877cf97b04f8533e57ae,11/10/2013 18:00,2.5,,,9.05,$0.00 ,$0.00 ,$2.00 ,$11.05 ,Cash,0,0
64a41ac2c4be4ba907211d7d22465fd2ca91fd2e,5/11/2014 16:30,2.1,,,8.25,$0.00 ,$0.00 ,$1.00 ,$9.25 ,Cash,0,0
651dc8e2535ceaebf62180f96b8f1921e8b51980,4/3/2017 21:30,5.1,,,15.25,$3.15 ,$0.00 ,$0.00 ,$18.90 ,Credit Card,1,0
65e248605b94a2f795278c71d510ca9d36761c94,7/1/2017 20:30,1.3,8,7,6.75,$2.00 ,$0.00 ,$1.00 ,$9.75 ,Credit Card,1,0
65ee05c05596949c0c0ed70843a19431d2f85f34,3/7/2013 11:30,11.1,,,38.45,$0.00 ,$0.00 ,$2.00 ,$40.45 ,Cash,0,0
6615826d3e19287009746827cdd82dbe3e2ca19a,7/21/2017 20:45,1.04,8,32,6.75,$0.00 ,$0.00 ,$1.50 ,$8.25 ,Cash,0,0
66351ad3a3f62adf0355c3226b9867320f08d3f6,6/15/2017 19:15,2.7,33,32,12.75,$3.55 ,$0.00 ,$1.50 ,$17.80 ,Credit Card,1,0
668cdab793b79c9e14d3af9fb5e933d5a7c1c3f7,9/20/2016 13:30,2.4,,,10,$0.00 ,$0.00 ,$0.00 ,$10.00 ,Cash,0,0
66d05e840cacc67e9c5870862b317a72df33625e,8/8/2013 16:30,0.1,,,38.05,$4.00 ,$0.00 ,$2.00 ,$44.05 ,Credit Card,1,0
68025d5ef80a4b24a8a8e3a7608061b5ee59f618,3/20/2016 20:45,2.3,,,8.75,$2.00 ,$0.00 ,$0.00 ,$10.75 ,Credit Card,1,0
6809823072005d51416610c2de42538a55e6c7c7,3/20/2013 23:15,0.87,,,20.25,$0.00 ,$0.00 ,$0.00 ,$20.25 ,Cash,0,0
6823e636e64a7adda56e48e31580aa57e04072f7,11/26/2014 0:45,0.1,,,9.05,$0.00 ,$0.00 ,$1.50 ,$10.55 ,Cash,0,0
69ff182ed9c16604ef126e71d69b01343aecd769,6/13/2017 14:00,1.8,,,9.5,$0.00 ,$0.00 ,$1.00 ,$10.50 ,Cash,0,0
6a04ea890bd7963b1bcfe284fdebcb7a3f736957,1/2/2013 14:30,3.9,,,12.65,$0.00 ,$0.00 ,$0.00 ,$12.65 ,Cash,0,0
6ad6b3ac29657a14b89f0af2d30197210f76533a,7/2/2017 1:45,0.7,8,8,5.25,$0.00 ,$0.00 ,$0.00 ,$5.25 ,Cash,0,0
6b404f566d1ee8d49ada0092d035a83f592e36aa,9/15/2014 15:45,0.9,,,5.65,$0.00 ,$0.00 ,$0.00 ,$5.65 ,Cash,0,0
6b7c340f14428c07b7dcfc8c02d3bf063eb64cca,10/4/2014 23:15,3.4,,,10.05,$0.00 ,$0.00 ,$0.00 ,$10.05 ,Cash,0,0
6bbd9bf346a6fb88620b7550c6c5c4a9d9158f5f,1/3/2017 8:45,6.3,,,18.25,$0.00 ,$0.00 ,$0.00 ,$18.25 ,Cash,0,0
6c095dda04223830afb4f7dccf765b7e8418807d,1/1/2015 15:00,4.5,,,29.05,$0.00 ,$0.00 ,$0.00 ,$29.05 ,Cash,0,0
6c0b155199cdb302c894c5ccc60fc4fa4ec70ba6,7/23/2013 23:45,2.6,,,11.25,$0.00 ,$0.00 ,$0.00 ,$11.25 ,Cash,0,0
6c4a5dee9a29952678cea5211217259189f95d0d,2/21/2014 18:30,1.6,,,7.65,$0.00 ,$0.00 ,$1.50 ,$9.15 ,Cash,0,0
6d1553a4dc5053c5aad0d7be846cb10695644670,6/21/2017 20:15,16.8,76,8,44,$9.60 ,$0.00 ,$4.00 ,$57.60 ,Credit Card,1,1
6d98e79848a790df73a87be799be31bffe278b69,11/13/2013 21:15,4.52,,,11.65,$2.00 ,$0.00 ,$1.00 ,$14.65 ,Credit Card,1,0
6deaf5644417797a2a995ec4f7e63cfca6be9a08,8/12/2015 16:45,1.2,,,6.85,$2.00 ,$0.00 ,$0.00 ,$8.85 ,Credit Card,1,0
6e10ca0d62df9fa614fe57a5da6522570081bb02,6/8/2017 10:00,1.2,32,28,8,$3.00 ,$0.00 ,$0.00 ,$11.00 ,Credit Card,1,0
6e1d5162e46557e3e8e1837404347f9358d4ee26,7/7/2017 21:15,0.78,7,7,5,$0.00 ,$0.00 ,$1.00 ,$6.00 ,Cash,0,0
6ef138a4bc0f8eba404d6ffe3333ad99518c25a6,8/26/2013 21:15,0.11,,,5.45,$0.00 ,$0.00 ,$0.00 ,$5.45 ,Cash,0,0
6f227375dbf11db31baf225bb7196d30a04e1cb1,9/25/2014 21:45,3.2,,,10.45,$3.00 ,$0.00 ,$0.00 ,$13.45 ,Credit Card,1,0
6f6e06cbb01b1cd265acf2e296d32bb4ef71cf76,11/18/2015 9:15,1.9,,,9.85,$1.00 ,$0.00 ,$0.00 ,$10.85 ,Credit Card,1,0
70925785c5645ea1935f2f0470eaad9f33ba4bfc,9/26/2014 9:00,3.8,,,14.65,$3.00 ,$0.00 ,$0.00 ,$17.65 ,Credit Card,1,0
70dd006c81e1dab1c1e73e87dfc9e1c64ecfed3c,3/24/2015 20:15,10.9,,,24.45,$5.29 ,$0.00 ,$2.00 ,$31.74 ,Credit Card,1,1
714f0c2bde1478c039348d5a6d45d69d339cb295,3/11/2015 12:45,0.9,,,5.45,$0.00 ,$0.00 ,$0.00 ,$5.45 ,Cash,0,0
71ea75176b5c934ea3fd108404862d3e4d32ee1e,9/20/2014 11:30,4.65,,,15.05,$0.00 ,$0.00 ,$2.50 ,$17.55 ,Cash,0,0
71f8763a81167a84d0486cf137cfb0064dee1748,7/11/2016 21:00,0.7,,,5.25,$0.00 ,$0.00 ,$1.50 ,$6.75 ,Cash,0,0
720dc715b0641daa029a9369c2a5bb82ff0e2c7e,5/28/2015 21:45,5.9,,,14.65,$0.00 ,$0.00 ,$0.00 ,$14.65 ,Cash,0,0
72f5fdd636841b3335aef0ac4ca4384f32569556,6/5/2013 18:30,0.5,,,5.05,$2.00 ,$0.00 ,$0.00 ,$7.05 ,Credit Card,1,0
73efa0be8a4ac4b4a398eb995d8ba60a1fec579b,11/6/2014 6:15,3.4,,,10.45,$0.00 ,$0.00 ,$0.00 ,$10.45 ,Cash,0,0
746fa257e75425d1350da2ef19580df784b87ae7,6/4/2017 23:00,2.11,3,1,8.75,$0.00 ,$0.00 ,$0.00 ,$8.75 ,Cash,0,0
74d487289122a7e5c6f4ffdf8a79ce5954219031,6/28/2017 18:30,0.4,24,24,5.5,$2.00 ,$0.00 ,$0.00 ,$7.50 ,Credit Card,1,0
750482023261f165c72e6285c3bcf5e7081fd27e,6/22/2017 21:45,0.7,6,6,5,$0.00 ,$0.00 ,$1.00 ,$6.00 ,Cash,0,0
7580cbad1c54ae349de4697c5ce70decb33bd65a,2/27/2015 20:30,3.4,,,10.45,$3.00 ,$0.00 ,$0.00 ,$13.45 ,Credit Card,1,0
7622cc630350541f6438de92965bd889f960dfc4,6/19/2017 9:30,1.5,32,32,8,$1.00 ,$0.00 ,$0.00 ,$9.00 ,Credit Card,1,0
76fdd24d810f890ff604d6e52e583781981caa61,6/28/2017 18:00,1.7,32,8,11,$0.00 ,$0.00 ,$0.00 ,$11.00 ,Cash,0,0
77036dfa03694a7d4540e6b482ea259dabe6921e,10/26/2016 22:45,0.87,,,6.25,$0.00 ,$0.00 ,$0.00 ,$6.25 ,Cash,0,0
77301c9fa1b61099b6653290ce0ebaf896050883,12/31/2015 21:15,1,,,5.45,$0.00 ,$0.00 ,$4.00 ,$9.45 ,Cash,0,0
7867fbbdbc365b6c697a9d60d46dc08a97720472,1/23/2015 21:30,0.7,,,5.05,$2.00 ,$0.00 ,$0.00 ,$7.05 ,Credit Card,1,0
78781f1689ace15047784c51b4bdb995f176cdb2,7/23/2017 5:45,0.6,8,8,4.75,$2.25 ,$0.00 ,$0.00 ,$7.00 ,Credit Card,1,0
7905b50ab285e1db4ad374232bed85d8efe3c46d,11/22/2015 21:30,3.2,,,9.25,$0.00 ,$0.00 ,$0.00 ,$9.25 ,Cash,0,0
7917b0351809f094cf6c8b9532615ccba2cd3479,4/25/2015 23:45,8.8,,,28.45,$0.00 ,$0.00 ,$0.00 ,$28.45 ,Cash,0,0
79a4d6f69eac948704a5b631014d208feaf69b85,6/8/2017 7:30,0.2,6,32,14.25,$0.00 ,$0.00 ,$0.00 ,$14.25 ,Cash,0,0
7a7fb890b4e20567082ae38fffd9e70f31a91ab7,6/6/2014 7:00,1.7,,,7.05,$0.00 ,$0.00 ,$0.00 ,$7.05 ,Cash,0,0
7c7c374efce96f1250830660f6dc1978e678651e,9/24/2016 2:45,2.3,,,9,$0.00 ,$0.00 ,$0.00 ,$9.50 ,Credit Card,1,0
7cd90fdd9d68ac05d09f2deb3a39f62092b1e756,12/14/2014 2:00,2.7,,,9.25,$2.00 ,$0.00 ,$1.50 ,$12.75 ,Credit Card,1,0
7d11a75c7580167fa331feb8cfe5641ef3f3f4df,7/31/2014 8:30,1.4,,,7.45,$1.50 ,$0.00 ,$0.00 ,$8.95 ,Credit Card,1,0
7d2a397876f4c11d3eb60629a6184654ff02cee4,1/27/2013 1:45,2.9,,,13.45,$2.00 ,$0.00 ,$0.00 ,$15.45 ,Credit Card,1,0
7db0c17673029d2689833d5f6c0255a6b6e624f3,7/28/2017 0:00,1.9,8,32,8.75,$0.00 ,$0.00 ,$1.00 ,$9.75 ,Cash,0,0
7e1443f064fff9a845e4404b6dbccb3c160e3ddb,6/18/2015 20:30,6.1,,,15.05,$2.00 ,$0.00 ,$0.00 ,$17.05 ,Credit Card,1,0
7e27dc1b743f99d37ebf97466510e3a24589b815,1/18/2013 16:45,2.3,,,9.45,$0.00 ,$0.00 ,$0.00 ,$9.45 ,Cash,0,0
7e3904546a39bf8ee9b9b8b99446494f051e25d5,5/18/2013 17:00,2.9,,,14.05,$0.00 ,$0.00 ,$1.00 ,$15.05 ,Credit Card,1,0
7ecea38656007d5e8fe6f5a51ea82b60955a7729,9/29/2016 15:30,0.5,,,5.75,$2.00 ,$0.00 ,$0.00 ,$8.25 ,Credit Card,1,0
7f0462df28861709b1c767b73868bac1a11c1100,2/22/2013 11:45,0.68,,,5.45,$0.00 ,$0.00 ,$0.00 ,$5.45 ,Cash,0,0
7f3e7fedceb8bb9eb7f45c3ea62258cc418a1c85,8/23/2015 14:00,1.6,,,7.85,$0.00 ,$0.00 ,$1.50 ,$9.35 ,Cash,0,0
804413219c243728bee5368c15d5c4a557e75115,6/8/2017 22:15,1,8,32,7,$0.00 ,$0.00 ,$1.00 ,$8.00 ,Cash,0,0
804ab8f0c14124d4dbe826873634151d80731772,10/31/2013 18:45,3.5,,,12.25,$0.00 ,$0.00 ,$1.50 ,$13.75 ,Cash,0,0
809a349e08694c412e4be7f9663c4ae03278b485,4/12/2015 11:30,3.8,,,10.65,$1.00 ,$0.00 ,$0.00 ,$11.65 ,Credit Card,1,0
820f4375995cdec7122ae6387f3b06ab573ec8e3,2/15/2014 2:30,4.9,,,13.45,$3.09 ,$0.00 ,$2.00 ,$18.54 ,Credit Card,1,0
82392ca0b7ecd1a39fcc6c3661f139591ffb8917,7/10/2013 19:45,1.9,,,9.25,$0.00 ,$0.00 ,$0.00 ,$9.25 ,Cash,0,0
8245690babc405e355317f5b232857b47ddcb8b5,3/4/2013 11:15,17.48,,,35.65,$11.35 ,$0.00 ,$3.00 ,$50.00 ,Credit Card,1,1
8282dac4362af6ce5780509571655e3f8698fdbc,11/18/2013 3:00,4.9,,,12.65,$0.00 ,$0.00 ,$0.00 ,$12.65 ,Cash,0,0
829c56535558c87ebfb36a76dd70f8d41a41353e,4/9/2013 19:00,3.4,6,24,10.85,$0.00 ,$0.00 ,$0.00 ,$10.85 ,Cash,0,0
830e67f81bfcbc09e65ae35e6ecfe79a2c2fb880,1/2/2014 9:00,16,,,35.04,$9.26 ,$0.00 ,$2.00 ,$46.30 ,Credit Card,1,1
838b5dd4d9807d6a41e8173635eb0efbd7395654,5/31/2015 3:30,7.1,,,17.05,$0.00 ,$0.00 ,$1.00 ,$18.05 ,Cash,0,0
83cfe2f012c3934b08772866f7a14aac7b2b4250,11/30/2014 21:45,22.3,,,32.65,$7.10 ,$0.00 ,$3.00 ,$42.75 ,Credit Card,1,1
8403e8af7a819093479b0a1db66c4b14ac6a99cf,4/20/2015 16:00,17,,,34.45,$7.49 ,$0.00 ,$3.00 ,$44.94 ,Credit Card,1,1
848498a8c56ebce404508fc28edabeb6ee33cd72,6/20/2017 9:45,19.37,76,,47,$15.20 ,$0.00 ,$28.50 ,$91.20 ,Credit Card,1,1
8518c06ec9ad152b5f2474512a1a2fb3186931d6,12/13/2014 23:30,2.7,,,10.05,$0.00 ,$0.00 ,$0.00 ,$10.05 ,Cash,0,0
851e6d1804ac0d22c72bdae0a7a2dc9f172a44d6,8/3/2015 15:00,17.67,32,32,37.65,$8.13 ,$0.00 ,$3.00 ,$48.78 ,Credit Card,1,1
8564eb5d869617115d1b9bdbbb8e5f7a8a97e63d,7/8/2013 10:45,0.2,,,3.65,$0.00 ,$0.00 ,$0.00 ,$3.65 ,Cash,0,0
85c1e7aa6b61e0dfb4438abb28b3592fa36c8dad,9/10/2015 20:00,6.7,,,16.25,$3.25 ,$0.00 ,$0.00 ,$19.50 ,Credit Card,1,0
85e34869db003351706492c6638779abadb5a845,9/19/2013 19:15,0.5,,,4.45,$0.00 ,$0.00 ,$1.00 ,$5.45 ,Cash,0,0
861d0be77ba52e61a497bba7aa4e9ca981801c15,10/24/2014 10:45,1.5,,,5.85,$0.00 ,$0.00 ,$0.00 ,$5.85 ,Cash,0,0
862c6b279ce58bc605a7a6276ffcfa089b8c1d3f,7/5/2016 18:30,8.6,,,23,$4.60 ,$0.00 ,$0.00 ,$28.10 ,Credit Card,1,0
86e98d6b83f4f7560fe21ad14e73de1cf95255a8,11/3/2013 21:00,21.7,,,45.85,$0.00 ,$0.00 ,$0.50 ,$46.35 ,Cash,0,0
87973e40522c2999955b7f898b2acbcb53de5f9a,7/4/2017 14:00,2.8,,,10.75,$0.00 ,$0.00 ,$0.00 ,$10.75 ,Cash,0,0
880bd5fedd0547a3bd91ecae489d770f6463b851,11/16/2014 1:00,0.67,,,5.05,$0.00 ,$0.00 ,$1.00 ,$6.05 ,Cash,0,0
882a4359cf3f33ac404446892680ae4e8873d02f,7/8/2017 21:30,0.17,8,8,4,$0.00 ,$0.00 ,$1.00 ,$5.00 ,Cash,0,0
88473c9facc0ee8542d79535d9f08a2751634b78,6/15/2015 9:00,4.6,,,15.25,$0.00 ,$0.00 ,$0.00 ,$15.25 ,Cash,0,0
88564695ee80a6454978e99553159ad1ec49ae92,9/12/2015 13:00,2.6,,,8.65,$0.00 ,$0.00 ,$2.00 ,$10.65 ,Cash,0,0
88e0342d95899d272fba5dd5bb9aabb9e73de2e9,4/12/2016 20:00,1.2,,,6.75,$0.00 ,$0.00 ,$1.00 ,$7.75 ,Cash,0,0
893d3202f17aac2445c39a56775ac8af211f24d2,6/15/2013 23:30,2.2,,,8.05,$2.00 ,$0.00 ,$1.00 ,$11.05 ,Credit Card,1,0
89f8a4866a5fac65078fc6646b54fab35c0161fc,12/16/2014 20:45,0.9,,,5.45,$0.00 ,$0.00 ,$0.00 ,$5.45 ,Cash,0,0
8a3e41d6fe108262fa71f44dbaf6d02ca6c7857b,3/27/2014 16:30,0.7,,,5.85,$0.00 ,$0.00 ,$0.00 ,$5.85 ,Cash,0,0
8a602465f28213626f521b3eae85a7820d08df58,4/10/2013 7:00,4,,,11.85,$0.00 ,$0.00 ,$0.00 ,$11.85 ,Cash,0,0
8adb525aed7dc30c8743882d8a17d9e47260e3df,7/2/2017 20:30,0.6,,,4.75,$0.00 ,$0.00 ,$1.50 ,$6.25 ,Cash,0,0
8b6bf718544b2a108fb243c035b084fb32676572,10/17/2015 22:30,2.06,,,7.65,$0.00 ,$0.00 ,$0.00 ,$7.65 ,Cash,0,0
8bb8c2b055802cba587c0923df0bec1698e91c2d,9/12/2014 11:45,2.1,,,6.85,$0.00 ,$0.00 ,$0.00 ,$6.85 ,Cash,0,0
8c549b1c750fef942686643a819c067dae55458d,11/3/2014 11:00,4,,,11.65,$0.00 ,$0.00 ,$0.00 ,$11.65 ,Cash,0,0
8cc07feedffe270b9867dd33e7ed4a7fa78c5dad,9/3/2014 13:00,7.3,,,17.85,$0.00 ,$0.00 ,$1.50 ,$19.35 ,Cash,0,0
8d060335ee146e08fb476c88b09c3dd4d7cdf26c,5/14/2016 20:15,0.65,,,4.75,$0.00 ,$0.00 ,$1.00 ,$5.75 ,Cash,0,0
8ddc9b12f8b4197adab09dd3c96b41bbac50e3eb,4/4/2017 9:30,2.6,,,11,$0.00 ,$0.00 ,$0.00 ,$11.00 ,Cash,0,0
8ed407eb449e3c1b55e1a8a7d57c5539055f3c12,12/31/2015 13:45,16.2,,,34.25,$0.00 ,$0.00 ,$2.00 ,$36.25 ,Cash,0,0
8f7c7f2468b4a8e077a28acdf4f7adc64f31067b,6/10/2017 2:15,2.7,24,8,10,$0.00 ,$0.00 ,$1.00 ,$11.00 ,Cash,0,0
8f9ca9bc90ac78b3853ca45cc2f55a5b17214d76,3/21/2017 13:45,1.5,,,7.25,$0.00 ,$0.00 ,$1.00 ,$8.25 ,Cash,0,0
90160673c79679a3d96912d3379b6ddd403c7f5a,6/27/2017 16:45,2.1,33,32,8.75,$0.00 ,$0.00 ,$1.00 ,$9.75 ,Cash,0,0
9034a9305ff6937f9b9beb2118d32570d5aef39d,6/11/2017 15:15,4.1,7,24,14,$0.00 ,$0.00 ,$1.00 ,$15.00 ,Cash,0,0
91dc9d7a42c2c7022b269c3711f647d2dfbae958,7/27/2017 16:45,12,56,32,34.75,$7.75 ,$0.00 ,$4.00 ,$47.00 ,Credit Card,1,1
929880e800da68be236385e37a236c1cc967d814,12/16/2016 20:45,0.1,,,3.25,$0.00 ,$0.00 ,$0.00 ,$3.25 ,Cash,0,0
92e360b2d744fcda87bd99b8e7ad93c8c6b4e998,6/13/2017 20:15,5.5,8,22,18.25,$0.00 ,$0.00 ,$0.00 ,$18.25 ,Cash,0,0
93a7634868ed9c66425f29e328479f1415273903,7/31/2017 11:45,1.03,,,6,$0.00 ,$0.00 ,$0.00 ,$6.00 ,Cash,0,0
9462b6e2917fc6415e0d1f9cdd4f542be895f6dd,6/11/2017 22:00,17.5,8,76,42.5,$0.00 ,$0.00 ,$4.00 ,$46.50 ,Cash,0,0
96276b58851b63cca2a8e22e948600bf30159123,7/12/2017 12:30,1.9,3,6,7.75,$2.00 ,$0.00 ,$0.00 ,$9.75 ,Credit Card,1,0
981f325c3f06a12c724aacdd20bb952021900e3c,6/5/2017 22:30,1,32,8,6.25,$2.00 ,$0.00 ,$1.00 ,$9.75 ,Credit Card,1,0
9adb78dc248842656c1933490273f2458d374fdd,6/7/2017 2:15,0.1,22,22,3.25,$0.00 ,$0.00 ,$0.00 ,$3.25 ,Cash,0,0
9e295f70b7dc6130a201e14942021e549a5e84bf,11/10/2016 12:00,17.8,,,44.75,$7.39 ,$0.00 ,$4.00 ,$56.64 ,Credit Card,1,1
a032b3e66db960e324c7a4bfc6765a8cc4f8f49b,7/5/2017 11:30,1.5,8,32,7,$0.00 ,$0.00 ,$0.00 ,$7.00 ,Cash,0,0
a63dbafb1387808977a82ed9f639ec8bebfb03ca,6/5/2017 11:15,3,32,33,11.25,$1.50 ,$0.00 ,$2.00 ,$14.75 ,Credit Card,1,0
a7c4174045a0862ecfc3360e8708f7f245d44081,7/25/2017 19:30,1.4,,,7.5,$4.00 ,$0.00 ,$0.00 ,$11.50 ,Credit Card,1,0
aa4a59fbfb454125543bdefdd26667720bfa73e4,3/30/2017 20:15,3.77,,,13.25,$2.95 ,$0.00 ,$1.00 ,$17.70 ,Credit Card,1,0
ac8852efc2c8400d6ac18d26c766f04a045d1aa6,7/13/2017 16:30,13.8,76,6,40.5,$0.00 ,$0.00 ,$4.00 ,$44.50 ,Cash,0,0
ad3ba49db6c6592db84e4be46f0e857c224c18ff,6/13/2017 11:00,2.5,32,33,10,$3.00 ,$0.00 ,$0.00 ,$13.00 ,Credit Card,1,0
adbc3e008ab840b7a18edda3e9fa91f72bb7a7c1,7/31/2017 12:45,1.03,59,59,5.5,$1.00 ,$0.00 ,$0.00 ,$6.50 ,Prcard,0,0
b5eccacf816cf0bc5fafce67d976df55fda0753c,6/20/2017 21:00,1.1,8,32,6.25,$0.00 ,$0.00 ,$1.00 ,$7.25 ,Cash,0,0
b7f7c51ae2714bb535fa4a5c8d91bea6c98dd5f9,6/4/2017 10:15,3.14,28,33,11.25,$2.00 ,$0.00 ,$0.00 ,$13.75 ,Credit Card,1,0
b85678c23fcf0bcf5d49a1d240e925c3771fa417,12/19/2016 7:45,0.6,,,5.5,$0.00 ,$0.00 ,$1.50 ,$7.00 ,Cash,0,0
b8f3885c0cd75ff1bb2f20a095c591e842c39c8d,12/30/2016 17:15,1.9,,,9.75,$4.00 ,$0.00 ,$0.00 ,$14.25 ,Credit Card,1,0
b9809e45245bdf8e48ecfc0dac735285608e1c2b,7/3/2017 18:45,1.75,32,32,8.75,$2.00 ,$0.00 ,$1.00 ,$12.25 ,Credit Card,1,0
bbae5b8ef6172c2a44e894bc9297e805e4e71912,2/7/2017 13:00,1.1,,,6.25,$0.00 ,$0.00 ,$0.00 ,$6.25 ,Cash,0,0
be6cde1fbabbc5c549384ad9fd824f091efe5290,6/10/2017 13:45,2.5,24,22,10.25,$0.00 ,$0.00 ,$0.00 ,$10.25 ,Cash,0,0
bedf8e93bee0a56c059fde8a0453552bac9f75c5,6/2/2017 8:30,1.4,33,32,9.25,$0.00 ,$0.00 ,$0.00 ,$9.75 ,Credit Card,1,0
bf894bcf18dc5148cd56efbe47ee0bc0f314be84,6/26/2017 13:45,0.7,32,32,5.75,$0.00 ,$0.00 ,$1.00 ,$6.75 ,Cash,0,0
c17d58db7fb98bc0a3559f41a1edccfea87b8d75,5/22/2013 10:30,1.5,8,32,6.25,$2.00 ,$0.00 ,$0.00 ,$8.25 ,Credit Card,1,0
c2465fea683394bdccfba63c960866f5aebc5b26,6/22/2017 13:45,11.2,32,56,31,$0.00 ,$0.00 ,$0.00 ,$31.00 ,Cash,0,0
c5762218b6f0cce63bc196c60fdb48508e778ea9,10/13/2016 10:30,1.1,,,6.75,$2.00 ,$0.00 ,$1.00 ,$10.25 ,Credit Card,1,0
c57721a21bf3be8960101a27d69623435f598fb4,6/6/2017 7:45,0.6,8,8,5.5,$0.00 ,$0.00 ,$0.00 ,$5.50 ,Cash,0,0
c5c1fd740cb79dc26c5e486a56424fd0abbdf58b,4/12/2017 10:00,1.1,,,11,$0.00 ,$0.00 ,$0.00 ,$11.00 ,Cash,0,0
c62a65af5da0f05dd2d0e13e4eb0118cfca139cf,6/8/2017 18:15,7,28,6,23,$4.60 ,$0.00 ,$0.00 ,$27.60 ,Credit Card,1,0
c65d80f3eefa75836b173a1d568fff140c132dda,6/25/2017 11:00,5.12,8,3,15.25,$3.94 ,$0.00 ,$0.00 ,$19.69 ,Credit Card,1,0
c9b4382b68b6360168bd7008e61576d574b9403a,4/2/2017 1:30,0.8,,,6,$0.00 ,$0.00 ,$0.00 ,$6.00 ,Cash,0,0
c9bae7072dbaae7c85f37bc4497c3dfb82eac87b,7/20/2017 9:15,0.6,28,28,8,$2.00 ,$0.00 ,$0.00 ,$10.00 ,Credit Card,1,0
ca91231d4dff7fee00b38618b1fa22e6bd93d542,7/29/2017 22:15,1.4,24,22,7.75,$0.00 ,$0.00 ,$1.50 ,$9.75 ,Credit Card,1,0
ca91acea0c38d855f388d7b819f33e5c30597723,7/10/2017 7:15,0.49,32,8,4.75,$4.00 ,$0.00 ,$0.00 ,$9.25 ,Credit Card,1,0
ce452eb075f3a9ec862cd2d26e08751bff606568,6/16/2015 14:00,0.79,8,8,4.85,$0.00 ,$0.00 ,$1.00 ,$5.85 ,Cash,0,0
ce86e805be4a5c3033bd1011020c7706dd1dad6a,6/6/2017 5:00,4.2,7,21,13.75,$0.00 ,$0.00 ,$0.00 ,$13.75 ,Cash,0,0
d1da3eb0f5f416126a49ecd430593ab8e83ba49a,7/28/2017 19:45,0.81,8,8,7,$0.00 ,$0.00 ,$0.00 ,$7.00 ,Cash,0,0
d2597558eeb93e47429a5537e56d4ea8b11f1a9d,6/17/2017 21:00,1.8,7,8,8.25,$0.00 ,$0.00 ,$1.00 ,$9.25 ,Cash,0,0
d6a141b8e603f5ee93c1f8ffac0e02e41640edb8,5/2/2017 23:30,0.4,,,4.25,$2.00 ,$0.00 ,$0.00 ,$6.75 ,Credit Card,1,0
d726d0ffe361261432fa7ba9a5090d2ca1338b08,6/21/2017 11:00,0.63,8,32,5.5,$1.25 ,$0.00 ,$0.00 ,$7.25 ,Credit Card,1,0
d85cc5e1385c484397b2921e5eef9b30e1438a89,7/8/2017 21:00,0.6,8,8,5.5,$0.00 ,$0.00 ,$2.00 ,$7.50 ,Cash,0,0
d885a9aa7726c558822838ce9f0c2ec7a1eed0f7,8/29/2015 14:30,1.02,8,8,7.45,$0.00 ,$0.00 ,$0.00 ,$7.45 ,Cash,0,0
dc2137f33705522131bcecf7becf79b4f504d4fa,12/15/2016 15:00,0.6,,,5,$2.00 ,$0.00 ,$0.00 ,$7.50 ,Credit Card,1,0
ddbf02f470fbbf737e57a65cf3ce8914a048914b,7/23/2017 22:30,8.23,6,32,23.25,$0.00 ,$0.00 ,$2.00 ,$25.25 ,Cash,0,0
e006f14136507f2a8d1e7e5a221994ccd0e8df7c,7/13/2017 15:15,0.6,32,32,5.75,$0.00 ,$0.00 ,$0.00 ,$5.75 ,Cash,0,0
e05a05df2fdef37d19a13dcb07a0ecfca5220b22,7/9/2017 20:45,2.4,28,33,9.75,$1.00 ,$0.00 ,$0.00 ,$10.75 ,Credit Card,1,0
e05a477a16202ad4f721ec9d0509be46b3ab7794,6/5/2017 17:30,0.5,7,7,4.25,$0.00 ,$0.00 ,$0.00 ,$4.25 ,Credit Card,1,0
e21ecb7d45f1f6862af102542ac98de51a6b26bd,1/1/2017 19:00,0.9,,,5.25,$0.00 ,$0.00 ,$0.00 ,$5.25 ,Cash,0,0
e21fd6389d8cefbdf89956b682352bb225fb127f,6/17/2017 21:15,1.9,32,28,8.5,$0.00 ,$0.00 ,$1.00 ,$9.50 ,Cash,0,0
e2703340fcda93b3f085f738e7f348fbe052b450,1/12/2017 8:15,0.6,,,5,$0.00 ,$0.00 ,$0.00 ,$5.00 ,Cash,0,0
e3ea64f17b534d8b08ac3920a7b99f619ebf6a8e,11/22/2016 20:00,52.8,,,124.75,$0.00 ,$0.00 ,$0.00 ,$124.75 ,Cash,0,0
e4df225217812e23819d655f174042098dc66fc7,6/20/2017 7:45,4.7,,,15,$3.00 ,$0.00 ,$0.00 ,$18.50 ,Credit Card,1,0
e7068ffe8cac9b6c0f122e8e0d5b7c3fe9d9b6c6,6/10/2017 15:30,1.24,32,8,7.75,$0.00 ,$0.00 ,$0.00 ,$8.25 ,Credit Card,1,0
e73af2fbe782aa0d2754e682338d1940194c2a01,6/25/2017 16:30,6.44,76,10,18.5,$4.80 ,$0.00 ,$5.00 ,$28.80 ,Credit Card,1,0
e987db93912ba8781e98a770212e3e78ca40188b,4/13/2017 11:15,1,,,7.75,$0.00 ,$0.00 ,$0.00 ,$7.75 ,Cash,0,0
ed8f63c5e80b970cec9556ab3b638587cc96f8b0,12/30/2013 9:30,1.8,,,6.45,$2.00 ,$0.00 ,$0.00 ,$8.45 ,Credit Card,1,0
edb0c18dc51162ef68c02e99486ddf6336d65a48,7/17/2017 21:45,2,8,7,8.5,$3.00 ,$0.00 ,$0.00 ,$12.00 ,Credit Card,1,0
ee18a5008db92835957784647000e7a6644be598,11/2/2016 19:15,1.55,,,10,$0.00 ,$0.00 ,$0.00 ,$10.00 ,Cash,0,0
ee3c47194e58945012e5558b89968d709432ddc7,5/19/2013 0:15,3.8,,,12.05,$0.00 ,$0.00 ,$1.00 ,$13.05 ,Cash,0,0
ee76d6a0df40f44f3390d2ab2248e81e6e3506fa,7/4/2016 14:45,33,,,11.5,$0.00 ,$0.00 ,$5.00 ,$16.50 ,Cash,0,0
ee806a90db0f7ebf1479963ebec7dc16bc99da2f,3/27/2015 14:15,1.9,,,8.05,$2.00 ,$0.00 ,$1.50 ,$11.55 ,Credit Card,1,0
eef4be949561e4af816a4d6bac82ea0d06ae5b44,6/15/2014 22:45,0.5,,,3.45,$0.00 ,$0.00 ,$0.00 ,$3.45 ,Cash,0,0
ef6d163c35e2601101d0eda7e6d895b100dfb7e5,3/16/2014 4:30,4.7,,,14.45,$0.00 ,$0.00 ,$0.00 ,$14.45 ,Cash,0,0
efc3c6a81a3e2852885a69b4cf4f6d4e78589a13,7/4/2013 0:15,1.1,,,6.25,$0.00 ,$0.00 ,$0.00 ,$6.25 ,Cash,0,0
f0977d292d3615955db25593a7527e4a7748a85b,7/28/2017 12:30,1.5,32,24,7.75,$0.00 ,$0.00 ,$0.00 ,$7.75 ,Cash,0,0
f0c0794a328717b272b712e12994bf9429c1de4a,10/3/2016 17:00,1.8,,,8.5,$2.00 ,$0.00 ,$0.00 ,$11.00 ,Credit Card,1,0
f0e4815ac2eee1e6c4a067b1f3873ef872931ee9,11/30/2015 16:15,3.7,,,11.85,$0.00 ,$0.00 ,$0.00 ,$11.85 ,Cash,0,0
f1819f1af16352156e7ab014e85d931f68dba295,7/11/2015 23:15,0.2,,,3.45,$0.00 ,$0.00 ,$0.00 ,$3.45 ,Cash,0,0
f1d65583da70f303e4a032bf0f598184a2d6256f,3/20/2013 9:30,2.8,,,9.85,$3.00 ,$0.00 ,$0.00 ,$12.85 ,Credit Card,1,0
f1ee877fc954de8f4352244833a8dcfb7a62240e,10/5/2013 11:00,1.6,,,8.45,$0.00 ,$0.00 ,$0.00 ,$8.45 ,Cash,0,0
f1f57cc67e61ae4371050ddbab656ac8cf870c04,3/13/2014 8:15,0.15,,,6.65,$0.00 ,$0.00 ,$0.00 ,$6.65 ,Cash,0,0
f206475c6f67e6f4324b484ed9424212cd58fb16,4/8/2016 22:30,0.5,,,7.75,$2.00 ,$0.00 ,$0.00 ,$9.75 ,Credit Card,1,0
f23c33730d84e32998bd9aea9e773f0442cd2398,6/5/2017 20:45,1.1,24,22,6.5,$0.00 ,$0.00 ,$1.00 ,$7.50 ,Cash,0,0
f25fd033741d55219f086664b117df4b783753f9,11/29/2016 19:00,2.2,,,12.25,$0.00 ,$0.00 ,$1.00 ,$13.25 ,Cash,0,0
f2668331ec2152eb05abc8063cc5d45a390168df,3/22/2014 8:30,26.6,,,52.25,$0.00 ,$0.00 ,$2.00 ,$54.25 ,Cash,0,0
f2e9fdb6921bc8fd33d166ba0ec898f0b6a66631,10/27/2014 21:00,20,,,41.45,$0.00 ,$0.00 ,$0.00 ,$41.45 ,Cash,0,0
f3323768f829a3c9d8faa2ba84bce6a893913bce,2/15/2014 21:45,4.5,,,13.65,$0.00 ,$0.00 ,$1.00 ,$14.65 ,Cash,0,0
f3b4fc9a655eded1a6a7d35bf3a2a35bb985c33a,8/16/2014 0:00,0.7,,,4.84,$0.00 ,$0.00 ,$2.00 ,$6.84 ,Cash,0,0
f41a297e3e25ad49c47f175a5b7bfad51648d400,7/7/2017 19:30,1.1,32,8,7.5,$2.00 ,$0.00 ,$1.00 ,$11.00 ,Credit Card,1,0
f45aa44e27b7d424d6b09609234e632b8028d81c,7/20/2017 12:45,18.16,76,32,46.75,$0.00 ,$0.00 ,$5.00 ,$51.75 ,Cash,0,0
f468633cd0aff274732fdc00bb6f5bdc60f51615,5/17/2013 20:45,2.47,,,8.85,$0.00 ,$0.00 ,$1.00 ,$9.85 ,Cash,0,0
f47b8ebb2a1a881850dcec5fd04e74fe8a157ac0,6/23/2017 8:15,17.6,,,45.25,$9.05 ,$0.00 ,$0.00 ,$54.80 ,Credit Card,1,1
f4c461293191eefe3229e42abd158363cea6456c,7/1/2017 19:30,0.6,8,32,6.75,$0.00 ,$0.00 ,$0.00 ,$6.75 ,Cash,0,0
f6269f5afec040a5b049b73983bfa6be2263f337,1/8/2016 14:15,0.6,,,3.85,$0.00 ,$0.00 ,$0.00 ,$3.85 ,Cash,0,0
f6349d85fbedaa8adc10671f9deb075c3af2f353,2/12/2014 20:00,0.34,,,10.85,$0.00 ,$0.00 ,$1.00 ,$11.85 ,Cash,0,0
f6ddaa889a9d255dd05df9a27029f7c6364053d6,11/25/2016 12:45,1.2,,,6.75,$0.00 ,$0.00 ,$1.50 ,$8.25 ,Cash,0,0
f81a722c5f2987edcdac3c33a1f2e4ae445a7615,3/9/2013 17:15,2.1,,,8.05,$0.00 ,$0.00 ,$0.00 ,$8.05 ,Cash,0,0
f84b60a81d490b8c256669aba6d7fec3a8940eea,11/12/2014 17:30,1.1,,,6.45,$2.00 ,$0.00 ,$1.00 ,$9.45 ,Credit Card,1,0
f9383513212afe5ed7f02bb838cf929881912ce7,9/24/2014 16:15,0.6,,,5.65,$3.00 ,$0.00 ,$0.00 ,$8.65 ,Credit Card,1,0
f99ed9e12519d6a446c3f4e7ace3389cb8393c28,3/9/2014 16:15,1.5,,,61.25,$0.00 ,$0.00 ,$0.00 ,$61.25 ,Cash,0,0
f9a5c8ae2112bd5c2aea5b2ed44721f21120a4d0,7/30/2015 5:30,18.3,,,36.85,$0.00 ,$0.00 ,$2.00 ,$38.85 ,Cash,0,0
faa55d63de459d2fbaf16532f4c01ea2be3f3b33,5/14/2016 1:30,3.6,8,24,12.75,$0.00 ,$0.00 ,$0.00 ,$12.75 ,Cash,0,0
fab23c8898c877f66c453f171215b4b00dcbe950,5/29/2013 17:45,1.8,32,8,7.45,$0.00 ,$0.00 ,$0.00 ,$7.45 ,Cash,0,0
fab36a6f11eb967bfb06e2c2a2fa11c01e617a04,4/11/2015 15:00,6.4,3,8,15.85,$1.50 ,$0.00 ,$0.00 ,$17.35 ,Credit Card,1,0
fac51aaafe196313d3b7e035e9bd7125d63c45b8,11/21/2014 15:30,0.1,8,7,8.25,$0.00 ,$0.00 ,$0.00 ,$8.25 ,Cash,0,0
fac6f18c800149a46efcbf78a66eb707bf45a837,6/19/2017 23:15,6.8,76,,22.75,$0.00 ,$0.00 ,$0.00 ,$22.75 ,Cash,0,0
fadccc7cd64280b38ef92aa9c7f32461bc2005bc,6/7/2014 2:30,4,6,8,11.85,$2.65 ,$0.00 ,$1.50 ,$16.00 ,Credit Card,1,0
faef473656ef35a73764253ad09efb69e0f5e858,2/12/2016 17:45,0.5,32,32,5.25,$0.00 ,$0.00 ,$1.50 ,$6.75 ,Cash,0,0
fafdf3d66d1659caaf193f303acde1ebe5529e9a,12/2/2015 17:45,2.4,,25,9.05,$0.00 ,$0.00 ,$0.00 ,$9.05 ,Cash,0,0
fb17819d69381d3deda876fa8137ab4676e3df39,2/13/2017 18:15,0.1,6,3,9.25,$0.00 ,$0.00 ,$0.00 ,$9.25 ,Cash,0,0
fb1c7c2c0b257ea59de17d9226d2587a92f4f7dd,11/13/2015 18:00,0.7,8,32,7.65,$0.00 ,$0.00 ,$1.00 ,$8.65 ,Cash,0,0
fb38a6096bff77766c9394238a41411aaaa91042,5/30/2014 6:30,6.3,3,8,15.25,$0.00 ,$0.00 ,$0.00 ,$15.25 ,Credit Card,1,0
fb4ca405c750ce206ab8e25e8ada688f62270a89,1/23/2014 8:45,0.3,7,8,10.65,$0.00 ,$0.00 ,$0.00 ,$10.65 ,Cash,0,0
fb4e60d0f63b51a37760b526f4988bca02bb408e,3/28/2015 15:00,1.5,8,32,6.85,$0.00 ,$0.00 ,$0.00 ,$6.85 ,Cash,0,0
fb4f9d66afed31182d9769f58f8bea309f918789,10/25/2015 0:45,1.6,32,8,7.25,$0.00 ,$0.00 ,$1.00 ,$8.25 ,Cash,0,0
fb7909b8238a04979740c82458f06f17786d3f49,2/20/2015 17:00,1.8,32,8,7.05,$0.00 ,$0.00 ,$0.00 ,$7.05 ,Cash,0,0
fb793c048754088cba1061db4467a099ca3e166e,8/21/2016 2:15,3.4,7,32,12.25,$3.44 ,$0.00 ,$1.00 ,$17.19 ,Credit Card,1,0
fb7d5c3b8af8108c2ab47da7b5eff69d37f5646e,6/15/2013 19:45,2.5,7,28,9.65,$0.00 ,$0.00 ,$0.00 ,$9.65 ,Cash,0,0
fb7eade4a4a4390b323a74e71f684146e928f5b6,9/28/2015 13:15,0.7,32,32,5.65,$0.00 ,$0.00 ,$2.00 ,$7.65 ,Cash,0,0
fb8bb57115a7a55ed037ed1c7e6faaf6f82c8c48,1/29/2015 0:30,1.9,24,6,7.25,$0.00 ,$0.00 ,$0.00 ,$7.25 ,Cash,0,0
fb90339a246a3e309865c6fe8a985185414064a6,5/26/2014 2:45,1.1,8,8,5.85,$0.00 ,$0.00 ,$2.00 ,$7.85 ,Cash,0,0
fba84951d63fee3682384bc9435f139f3a25e915,5/10/2015 0:30,12.8,32,17,28.05,$0.00 ,$0.00 ,$1.00 ,$29.05 ,Cash,0,0
fbb36e0c2b42eda3d4a8841b67c988b45e1ce7aa,6/23/2014 16:15,2.6,76,,8.65,$0.00 ,$0.00 ,$0.00 ,$8.65 ,Cash,0,0
fbbf9a79d68be846209fb3c7eef78f4232abcd90,2/27/2013 18:30,0.7,32,33,5.05,$0.00 ,$0.00 ,$1.50 ,$6.55 ,Cash,0,0
fbc01dd6e0a8e6f9ad35b682461908a8f6cb24cb,12/22/2015 9:45,0.8,32,28,5.05,$1.00 ,$0.00 ,$0.00 ,$6.05 ,Credit Card,1,0
fbc5d073827b30f92f669506c74e953682126d9c,4/21/2014 18:45,1,8,8,6.25,$0.00 ,$0.00 ,$0.00 ,$6.25 ,Cash,0,0
fbcaaab0b620f3c976e557ab3b7055104ca09f2a,12/16/2014 11:00,1.6,8,28,8.25,$0.00 ,$0.00 ,$0.00 ,$8.25 ,Cash,0,0
fbcba9d996d90eedc8c26cd4c646e2d33607cae1,12/11/2013 18:45,0.9,32,8,6.25,$2.00 ,$0.00 ,$1.50 ,$9.75 ,Credit Card,1,0
fbcf6a60a6af2b91f8eabf83be8c38fbdcfeab9b,7/16/2015 15:00,2,8,24,7.85,$2.00 ,$0.00 ,$0.00 ,$9.85 ,Credit Card,1,0
fbd27e5324f15812113b50b8b84f1484fe107b20,12/18/2016 14:30,1.6,8,8,8,$2.00 ,$0.00 ,$0.00 ,$10.50 ,Credit Card,1,0
fbdd0e6b7988eced1581b413ece6af153cfec262,12/22/2013 4:00,4.9,28,22,12.85,$2.00 ,$0.00 ,$1.50 ,$16.35 ,Credit Card,1,0
fbe93439e231df08190cde5f0f1e093efff5c5a8,2/5/2015 15:45,5.8,6,32,14.45,$3.05 ,$0.00 ,$1.00 ,$18.50 ,Credit Card,1,0
fbf96baabc8a67dd4ef7163ae43469aa449032db,3/18/2017 21:15,1.2,8,8,6,$3.00 ,$0.00 ,$1.00 ,$10.00 ,Credit Card,1,0
fbfe37c113bbd4247da753da904dfa7e4dfe63c0,6/18/2015 11:15,0.1,24,6,10.05,$2.00 ,$0.00 ,$0.00 ,$12.05 ,Credit Card,1,0
fc093743e1204b7a404dcf60f70c56549ae2d15d,12/28/2013 9:45,0.7,56,8,25.25,$5.45 ,$0.00 ,$2.00 ,$32.70 ,Credit Card,1,1
fc0b63b8a26ece2050442e232cd59904f286913c,8/24/2016 12:30,18,28,,44.25,$5.00 ,$0.00 ,$13.00 ,$62.25 ,Credit Card,1,0
fc172e03897f78371188eeee8418afa4f06dd6d6,10/10/2013 15:45,0.9,32,8,6.05,$0.00 ,$0.00 ,$0.00 ,$6.05 ,Cash,0,0
fc17ac60d8aa710e09c9bbfd664dc5c41154efd5,7/26/2015 11:00,2.4,39,39,7.65,$0.00 ,$0.00 ,$0.00 ,$7.65 ,Cash,0,0
fc1e5b03a0c2a8dad0e060df35e631c6d725c2e4,11/26/2013 20:00,2.4,32,24,10.25,$2.80 ,$0.00 ,$1.00 ,$14.05 ,Credit Card,1,0
fc3a4bc4348edd2b192e22bb9c4349755bf5a93d,8/13/2013 18:00,1.9,28,8,7.85,$2.00 ,$0.00 ,$0.00 ,$9.85 ,Credit Card,1,0
fc3a6201d40ce90e32ce871a22e89d3f81b8a2e6,8/2/2016 15:15,4,,,13,$0.00 ,$0.00 ,$0.00 ,$13.00 ,Cash,0,0
fc3b038267ed397803ee3dd7379233962d105e9e,2/24/2017 8:30,1,28,8,7.5,$0.00 ,$0.00 ,$0.00 ,$7.50 ,Cash,0,0
fc3e33592ba173b530f8261245fbb865114be1fc,5/7/2017 21:00,3.7,76,,12.5,$3.30 ,$0.00 ,$4.00 ,$20.30 ,Credit Card,1,0
fc40e029b2a43e5604192e00c6ff8188f0809de6,8/17/2016 19:45,1.5,32,32,8.75,$0.00 ,$0.00 ,$1.00 ,$9.75 ,Cash,0,0
fc54f1e3e669ac9d37be70b1c52e26aa24b1a0c4,11/11/2015 23:30,0.7,24,24,4.85,$0.00 ,$0.00 ,$1.00 ,$5.85 ,Cash,0,0
fc588d26da2eaa26885c798ccb4ec756c12d7693,6/4/2015 15:45,1.5,,,7.65,$0.00 ,$0.00 ,$2.00 ,$9.65 ,Cash,0,0
fc75a7715dd6b0ccf1b7461a9b35f1cb10012916,5/21/2013 22:45,0.1,8,24,9.25,$0.00 ,$0.00 ,$0.00 ,$9.25 ,Cash,0,0
fc952e8875564e3ee05236e2b7c60ffaccfb6bcb,11/6/2015 2:45,5.9,24,16,17.45,$0.00 ,$0.00 ,$0.00 ,$17.45 ,Cash,0,0
fc999f714c49e3f5eb355bf8ee94ba7e4f5d2384,8/30/2016 18:30,1.2,8,8,6.75,$3.00 ,$0.00 ,$0.00 ,$10.25 ,Credit Card,1,0
fc9c68fe2dc80c1952ca86fb7ea76fb787b8a26f,5/5/2014 9:30,1.7,32,8,8.05,$0.00 ,$0.00 ,$0.00 ,$8.05 ,Cash,0,0
fca1e57f4bcc865e03b38f36549c7539e1f81a76,6/29/2017 9:15,0.8,8,28,6.75,$1.50 ,$0.00 ,$0.00 ,$8.25 ,Credit Card,1,0
fca2a4688c5f71b8e4301c78992ef9ef305be2e6,1/22/2016 21:00,1.3,8,32,6.75,$0.00 ,$0.00 ,$1.00 ,$7.75 ,Cash,0,0
fcabb0f6256fe8ecbe2f6d9cd65321896c57df0b,4/27/2015 19:15,17.5,8,76,39.45,$0.00 ,$0.00 ,$2.00 ,$41.45 ,No Charge,0,0
fcb12cf2885a45cdd8a54dc570cd90798dadd3d1,5/6/2015 18:45,1.1,,,5.85,$3.00 ,$0.00 ,$0.00 ,$8.85 ,Credit Card,1,0
fcc29ef48200e142e8e210c0093cec5c32cb9239,5/16/2014 13:15,0.1,24,32,9.85,$0.00 ,$0.00 ,$0.00 ,$9.85 ,Cash,0,0
fcc668078d238cb3fdc3190af0c9a62d04e66177,10/15/2015 21:45,0.3,32,6,15.05,$4.50 ,$0.00 ,$0.00 ,$19.55 ,Credit Card,1,0
fcd3844dc8a4215171913d362df4c000c84e32fb,1/22/2016 9:30,16.9,76,8,43.25,$11.81 ,$0.00 ,$4.00 ,$59.06 ,Credit Card,1,1
fcd3b6e7d950bdf1e5a43863924bcaebd736417f,9/2/2014 19:15,25.4,6,,55.65,$0.00 ,$0.00 ,$0.00 ,$55.65 ,Cash,0,0
fcd5dd55f02b476ba082cbb0b4c560e2d9a29e5f,7/28/2013 23:15,14.9,76,,30.45,$0.00 ,$0.00 ,$2.00 ,$32.45 ,Cash,0,0
fcd9a3093892f091199c4e53035b2224c3fdc8a3,3/25/2014 16:45,4.4,76,76,11.25,$2.65 ,$0.00 ,$2.00 ,$15.90 ,Credit Card,1,0
fcec2fde894c27bbf66cfdecfce93b8bd8596cc3,9/5/2013 9:00,1.7,32,32,7.45,$0.00 ,$0.00 ,$0.00 ,$7.45 ,Cash,0,0
fd0bbc732e1453f4d1d8f747a5697b6553e8d0bf,7/12/2014 15:15,2.1,28,28,8.65,$0.00 ,$0.00 ,$0.00 ,$8.65 ,Cash,0,0
fd0fa60ce5bc5aa8dd1834cb54374f0cf7c1f177,6/5/2013 15:15,1.4,8,32,6.45,$0.00 ,$0.00 ,$0.00 ,$6.45 ,Cash,0,0
fd1f27f62e0b280bc9ebd03df28aa45eb85b899d,1/6/2014 19:30,1.1,8,32,6.05,$0.00 ,$0.00 ,$0.00 ,$6.05 ,Cash,0,0
fd25d7be509b9b4e3efc29a0ed272857d35f7eab,7/14/2014 19:15,8.8,28,3,22.25,$4.65 ,$0.00 ,$1.00 ,$27.90 ,Credit Card,1,0
fd49539bc1f4cbc254d4cc6925f73e46d5e168c5,1/18/2017 15:30,0.7,32,32,5.5,$2.00 ,$0.00 ,$0.00 ,$8.00 ,Credit Card,1,0
fd69491151dee1b8da2b90d0e2a81043b6e6b806,7/18/2014 20:00,1.2,,,10.65,$2.00 ,$0.00 ,$0.00 ,$12.65 ,Credit Card,1,0
fd6cb2e198624a4d4795220d6f9becc8b95c42ac,3/16/2017 22:00,1,32,8,5.5,$0.00 ,$0.00 ,$0.00 ,$5.50 ,Cash,0,0
fd7b854fa95f9f270ca8dfcf6640973745e7e37f,2/8/2014 19:00,1.9,7,6,7.85,$0.00 ,$0.00 ,$0.00 ,$7.85 ,Cash,0,0
fd7e8291609c84ac120d3a2d8e7aac1e706f4626,10/25/2014 20:00,3.8,6,8,10.85,$0.00 ,$0.00 ,$1.00 ,$11.85 ,Cash,0,0
fd955226df3dd9382c1a808504b3f950068368be,4/2/2014 19:15,0.2,33,8,13.25,$0.00 ,$0.00 ,$3.00 ,$16.25 ,Cash,0,0
fd983e75f9b8827cb3b2c7c57d2e49ae0c4344b3,4/14/2016 17:15,18,8,76,45.5,$12.37 ,$0.00 ,$4.00 ,$61.87 ,Credit Card,1,1
fda4b48daf878f4c46dd64ec0ffcaaa469d4b389,11/27/2014 20:45,1.2,6,6,5.65,$0.00 ,$0.00 ,$0.00 ,$5.65 ,Cash,0,0
fdc8d0f151ad93972d6e2d5f11b714181b64ed41,1/24/2014 1:30,1.5,,,5.45,$0.00 ,$0.00 ,$0.00 ,$5.45 ,Cash,0,0
fddca694ea506e25a830993beaf5c4d352616563,11/16/2013 20:30,7.3,3,8,20.05,$0.00 ,$0.00 ,$2.00 ,$22.05 ,Cash,0,0
fded0671ded40ac14641b27257e070448d25468b,9/19/2013 20:00,10.6,,,23.25,$0.00 ,$0.00 ,$0.00 ,$23.25 ,Cash,0,0
fdf22e3b912690f7034e44a2733f95aa05a85700,5/9/2013 12:30,3.4,32,7,10.65,$0.00 ,$0.00 ,$0.00 ,$10.65 ,Cash,0,0
fdf31315b09389a6dddcb80a37f697ff3ed0836d,6/14/2013 20:30,1.9,,,8.65,$0.00 ,$0.00 ,$1.00 ,$9.65 ,Cash,0,0
fdf824fe4b95bc57b9352dff3df7e399b4f15270,6/7/2015 12:00,0.5,8,8,5.65,$0.00 ,$0.00 ,$0.00 ,$5.65 ,Cash,0,0
fdfdcc43d98436b9b5093aad2c2e9e6e23c95b5d,3/1/2015 1:15,0.9,8,8,4.85,$2.00 ,$0.00 ,$0.00 ,$6.85 ,Credit Card,1,0
fe006e81d4bfce02f0387528aecf1ead85dc51cb,8/9/2013 18:30,3.1,,,9.44,$0.00 ,$0.00 ,$0.00 ,$9.44 ,Cash,0,0
fe037781485c1b95d8364fc03df60d573e7cde42,4/22/2015 22:15,4.6,32,24,12.05,$0.00 ,$0.00 ,$0.00 ,$12.05 ,Cash,0,0
fe146db2ca3652e7d445f8b0cec87def8c575c61,12/19/2015 19:45,3.2,,,9.85,$2.00 ,$0.00 ,$0.00 ,$11.85 ,Credit Card,1,0
fe1514596af083974ec0f30cba5f5b7d36fb3f42,5/4/2013 22:00,4.5,28,6,13.85,$0.00 ,$0.00 ,$2.00 ,$15.85 ,Cash,0,0
fe2364df4390c7cf16474920255d585ec031bfe6,8/18/2016 11:45,0.6,32,32,5,$0.00 ,$0.00 ,$0.00 ,$5.00 ,Cash,0,0
fe36942d7935ed72a2418c94cd65810a337aed08,9/14/2015 6:45,7.2,,,16.64,$3.33 ,$0.00 ,$0.00 ,$19.97 ,Credit Card,1,0
fe39f1b3f716ba2dbae0e59d6b7942b8c8460a1d,4/1/2015 20:30,1,66,25,35.05,$0.00 ,$0.00 ,$0.00 ,$35.05 ,Cash,0,0
fe3d712814b58c26c595fe15e9dd651f844327b2,11/6/2014 7:45,3.2,32,33,11.25,$0.00 ,$0.00 ,$0.00 ,$11.25 ,Cash,0,0
fe4b97d2d616c6c8c6d5c6430b5515fe7a48e518,4/26/2014 23:15,4.1,6,8,12.25,$0.00 ,$0.00 ,$1.50 ,$13.75 ,Cash,0,0
fe6c93814b1774fa01e9c3000d378de6f0b0be4e,9/23/2014 17:30,0.8,32,8,6.25,$2.00 ,$0.00 ,$1.00 ,$9.25 ,Credit Card,1,0
fe6c9865e8e8868c6a15287747b6e285c787d189,10/17/2016 14:30,0.5,6,7,4.5,$0.00 ,$0.00 ,$0.00 ,$4.50 ,Cash,0,0
fe90e5deb1589ece2f8b88830c299199e718209e,7/6/2016 0:00,2,28,32,8.25,$0.00 ,$0.00 ,$1.50 ,$9.75 ,Cash,0,0
fe90f8055ee7523ec0caecee9b389c69918b7862,10/1/2015 17:45,1.1,76,8,7.25,$2.00 ,$0.00 ,$1.00 ,$10.25 ,Credit Card,1,0
fe9d0fd96db327decbc70b953c01a81069bf7512,7/22/2013 0:00,0.2,,,3.69,$0.00 ,$0.00 ,$0.00 ,$3.69 ,Cash,0,0
feaa8404e1cb2ec62330dd9c0d2504bce04f37a7,12/17/2016 13:00,0.9,6,76,38.75,$5.00 ,$0.00 ,$0.00 ,$43.75 ,Credit Card,1,0
fec16ea1f4540ea5a29bb21950d8ec4e366ab5e0,10/5/2014 18:30,0.1,7,8,7.65,$2.00 ,$0.00 ,$0.00 ,$9.65 ,Credit Card,1,0
fee121ab1fb4801a58b7a721071326d6699dd123,7/15/2017 0:30,0.8,,,5.75,$0.00 ,$0.00 ,$1.00 ,$6.75 ,Cash,0,0
feebdbb52a309e3c00d8c8f3e9199c01234a4ab8,7/10/2014 12:15,1,32,8,5.25,$0.00 ,$0.00 ,$0.00 ,$5.25 ,Cash,0,0
fef1b9ee5fb702cdd7ddc23943255bfbd8fb357e,3/23/2015 9:15,0.9,32,32,5.45,$1.00 ,$0.00 ,$0.00 ,$6.45 ,Credit Card,1,0
fef4ec5e15a38fa23dfb9c556e6a35d452f290fa,6/4/2013 12:45,0.01,,,3.45,$0.00 ,$0.00 ,$0.00 ,$3.45 ,Cash,0,0
fefc4ce53d497c057fe0406fadaf6904d051843f,12/2/2013 7:15,0.1,,,3.85,$0.00 ,$0.00 ,$0.00 ,$3.85 ,Cash,0,0
ff005c47dfe53eb70c8834b5d25dd3c4a01d8dd2,8/22/2014 18:30,0.7,6,6,4.65,$0.00 ,$0.00 ,$0.00 ,$4.65 ,Cash,0,0
ff0c3238a62a44b94683d89ec6beb7a6ffcaa400,2/26/2013 23:00,9,8,7,5.05,$0.00 ,$0.00 ,$0.00 ,$5.05 ,Cash,0,0
ff1eaf4c347ad2fe7baf5379b572937827a1bb9f,4/18/2015 9:15,5,1,6,13.85,$0.00 ,$0.00 ,$0.00 ,$13.85 ,Cash,0,0
ff3beefa53e24160c411aef5383b980b4b37afc4,1/8/2014 6:45,0.09,8,8,5.85,$0.00 ,$0.00 ,$0.00 ,$5.85 ,Cash,0,0
ff3caec06cc284b39aff99a61152b45041db8922,12/21/2015 7:00,1.5,8,32,6.25,$0.00 ,$0.00 ,$0.00 ,$6.25 ,Cash,0,0
ff43e0e50377d29ec41379377fadad4a9a2eea3c,6/26/2016 8:15,20.8,24,8,9,$0.00 ,$0.00 ,$1.50 ,$10.50 ,Cash,0,0
ff574d52a9159f61361e16c3ca33f83d4e626a58,8/8/2013 3:00,0.2,8,6,11.45,$0.00 ,$0.00 ,$0.00 ,$11.45 ,Cash,0,0
ff5d8c26d83582933e6f7e81f75b04345bf2f521,2/10/2015 21:00,3.7,6,6,11.25,$2.45 ,$0.00 ,$1.00 ,$14.70 ,Credit Card,1,0
ff671a2562fbc51e1198b7c0a7c05620ef74b268,11/30/2013 12:15,1.2,,,5.85,$1.00 ,$0.00 ,$1.00 ,$7.85 ,Credit Card,1,0
ff69c40b4005c53795905678cf6b0c37342c60f8,1/25/2014 22:15,0.2,8,8,3.65,$3.00 ,$0.00 ,$0.00 ,$6.65 ,Credit Card,1,0
ff6acced92b98c96db71f3def93bafe3093c8f5f,12/7/2015 21:45,0.6,8,8,4.85,$0.00 ,$0.00 ,$0.00 ,$4.85 ,Cash,0,0
ff76ab5c61927f26bda1cc6a7439ee582fd12687,5/2/2015 11:00,0.73,8,8,5.45,$0.00 ,$0.00 ,$2.50 ,$7.95 ,Cash,0,0
ff8aff615011105da34dfc3cd3519bc38310ae7f,9/8/2013 17:30,1.3,6,6,6.25,$0.00 ,$0.00 ,$2.00 ,$8.25 ,Cash,0,0
ffa3fbe3a91bd46cad165f4a745e66acd60d4d6d,3/3/2015 14:15,7.4,32,5,18.65,$3.00 ,$0.00 ,$0.00 ,$21.65 ,Credit Card,1,0
ffb8d4f9876590faeec91163452045b180496850,7/27/2016 23:45,6.5,32,6,19.75,$4.15 ,$0.00 ,$1.00 ,$25.40 ,Credit Card,1,0
ffc2bdea4a9ffd8022187d3a48c93d8dba571daf,7/28/2015 15:45,3.7,3,6,11.85,$0.00 ,$0.00 ,$0.00 ,$11.85 ,Cash,0,0
ffc7097eee782805d9778ded50b24fadb4b65f22,3/20/2015 14:00,1.2,32,28,6.85,$0.00 ,$0.00 ,$0.00 ,$6.85 ,Cash,0,0
ffca80d2b23eb3d58bf724d06052847e752c8f3b,8/8/2015 23:30,6.9,32,6,19.05,$0.00 ,$0.00 ,$0.00 ,$19.05 ,Cash,0,0
ffd5e343b275cdc426c7de11f78ff41eda6775b0,9/22/2014 16:45,1.4,32,32,7.25,$0.00 ,$0.00 ,$0.00 ,$7.25 ,Cash,0,0
ffe37fe4ef129395f3a6e1643fe8dafc42fb52dd,5/9/2013 9:30,2.5,8,28,9.05,$0.00 ,$0.00 ,$1.00 ,$10.05 ,Cash,0,0
